model,category,category_mean,overall_mean_of_categories
DeepSeek-Coder-V2-Lite-Instruct,coding,0.24743589743589745,0.3038268198446727
DeepSeek-Coder-V2-Lite-Instruct,instruction_following,0.5576923076923077,0.3038268198446727
DeepSeek-Coder-V2-Lite-Instruct,language,0.10635225440581297,0.3038268198446727
DeepSeek-R1-Distill-Qwen-32B,coding,0.3284615384615384,0.31418566994182834
DeepSeek-R1-Distill-Qwen-32B,instruction_following,0.3481666666666666,0.31418566994182834
DeepSeek-R1-Distill-Qwen-32B,language,0.26592880469728003,0.31418566994182834
DeepSeek-V2-Lite-Chat,coding,0.07128205128205128,0.24354472340290056
DeepSeek-V2-Lite-Chat,instruction_following,0.5673076923076923,0.24354472340290056
DeepSeek-V2-Lite-Chat,language,0.09204442661895805,0.24354472340290056
Dracarys2-72B-Instruct,instruction_following,0.645,0.4608333333333333
Dracarys2-72B-Instruct,language,0.27666666666666667,0.4608333333333333
Llama-2-7b-chat-hf,coding,0.01282051282051282,0.17724282556491175
Llama-2-7b-chat-hf,instruction_following,0.45032051282051283,0.17724282556491175
Llama-2-7b-chat-hf,language,0.0685874510537095,0.17724282556491175
Llama-3.1-Nemotron-70B-Instruct-HF,instruction_following,0.5285,0.3925833333333333
Llama-3.1-Nemotron-70B-Instruct-HF,language,0.25666666666666665,0.3925833333333333
Meta-Llama-3-70B-Instruct,coding,0.22025641025641027,0.45046262517814767
Meta-Llama-3-70B-Instruct,instruction_following,0.7900641025641026,0.45046262517814767
Meta-Llama-3-70B-Instruct,language,0.34106736271393007,0.45046262517814767
Meta-Llama-3-8B-Instruct,coding,0.1982051282051282,0.34107127071341686
Meta-Llama-3-8B-Instruct,instruction_following,0.6378205128205128,0.34107127071341686
Meta-Llama-3-8B-Instruct,language,0.18718817111460942,0.34107127071341686
Meta-Llama-3.1-405B-Instruct-Turbo,coding,0.4379487179487179,0.5712240162175494
Meta-Llama-3.1-405B-Instruct-Turbo,instruction_following,0.7772435897435896,0.5712240162175494
Meta-Llama-3.1-405B-Instruct-Turbo,language,0.4984797409603407,0.5712240162175494
Meta-Llama-3.1-70B-Instruct-Turbo,coding,0.32666666666666666,0.5390937395341514
Meta-Llama-3.1-70B-Instruct-Turbo,instruction_following,0.8669871794871795,0.5390937395341514
Meta-Llama-3.1-70B-Instruct-Turbo,language,0.42362737244860815,0.5390937395341514
Meta-Llama-3.1-8B-Instruct-Turbo,coding,0.19743589743589746,0.3121233784226944
Meta-Llama-3.1-8B-Instruct-Turbo,instruction_following,0.5384615384615384,0.3121233784226944
Meta-Llama-3.1-8B-Instruct-Turbo,language,0.2004726993706473,0.3121233784226944
Mistral-7B-Instruct-v0.2,coding,0.13897435897435897,0.28590900472582653
Mistral-7B-Instruct-v0.2,instruction_following,0.6282051282051282,0.28590900472582653
Mistral-7B-Instruct-v0.2,language,0.09054752699799255,0.28590900472582653
Mistral-7B-Instruct-v0.3,coding,0.10974358974358975,0.25290654019036735
Mistral-7B-Instruct-v0.3,instruction_following,0.530448717948718,0.25290654019036735
Mistral-7B-Instruct-v0.3,language,0.11852731287879431,0.25290654019036735
Mixtral-8x22B-Instruct-v0.1,coding,0.3310526315789474,0.4459389125823232
Mixtral-8x22B-Instruct-v0.1,instruction_following,0.7419871794871795,0.4459389125823232
Mixtral-8x22B-Instruct-v0.1,language,0.2647769266808427,0.4459389125823232
Mixtral-8x7B-Instruct-v0.1,coding,0.11315789473684211,0.2764321896020985
Mixtral-8x7B-Instruct-v0.1,instruction_following,0.578525641025641,0.2764321896020985
Mixtral-8x7B-Instruct-v0.1,language,0.1376130330438123,0.2764321896020985
OpenHermes-2.5-Mistral-7B,coding,0.13256410256410256,0.30323658442865203
OpenHermes-2.5-Mistral-7B,instruction_following,0.6634615384615384,0.30323658442865203
OpenHermes-2.5-Mistral-7B,language,0.11368411226031512,0.30323658442865203
Phi-3-medium-128k-instruct,coding,0.22102564102564104,0.35871870002620176
Phi-3-medium-128k-instruct,instruction_following,0.7275641025641026,0.35871870002620176
Phi-3-medium-128k-instruct,language,0.12756635648886164,0.35871870002620176
Phi-3-medium-4k-instruct,coding,0.20461538461538462,0.29298734809748345
Phi-3-medium-4k-instruct,instruction_following,0.5352564102564102,0.29298734809748345
Phi-3-medium-4k-instruct,language,0.13909024942065537,0.29298734809748345
Phi-3-mini-128k-instruct,coding,0.1503846153846154,0.2587024709639257
Phi-3-mini-128k-instruct,instruction_following,0.5480769230769231,0.2587024709639257
Phi-3-mini-128k-instruct,language,0.07764587443023867,0.2587024709639257
Phi-3-mini-4k-instruct,coding,0.1553846153846154,0.2966063868823075
Phi-3-mini-4k-instruct,instruction_following,0.6538461538461539,0.2966063868823075
Phi-3-mini-4k-instruct,language,0.08058839141615325,0.2966063868823075
Phi-3-small-128k-instruct,coding,0.24566037735849056,0.38098921406060954
Phi-3-small-128k-instruct,instruction_following,0.7419871794871795,0.38098921406060954
Phi-3-small-128k-instruct,language,0.1553200853361587,0.38098921406060954
Phi-3-small-8k-instruct,coding,0.20264150943396225,0.3487474456629389
Phi-3-small-8k-instruct,instruction_following,0.6923076923076923,0.3487474456629389
Phi-3-small-8k-instruct,language,0.15129313524716223,0.3487474456629389
Phi-3.5-MoE-instruct,coding,0.21743589743589745,0.3387859853158041
Phi-3.5-MoE-instruct,instruction_following,0.6282051282051282,0.3387859853158041
Phi-3.5-MoE-instruct,language,0.17071693030638668,0.3387859853158041
Phi-3.5-mini-instruct,coding,0.15897435897435896,0.3223918685825159
Phi-3.5-mini-instruct,instruction_following,0.7115384615384616,0.3223918685825159
Phi-3.5-mini-instruct,language,0.0966627852347272,0.3223918685825159
QwQ-32B-Preview,coding,0.372051282051282,0.32532921167504586
QwQ-32B-Preview,instruction_following,0.3678333333333333,0.32532921167504586
QwQ-32B-Preview,language,0.23610301964052227,0.32532921167504586
Qwen1.5-0.5B-Chat,coding,0.0,0.09773327432621885
Qwen1.5-0.5B-Chat,instruction_following,0.2644230769230769,0.09773327432621885
Qwen1.5-0.5B-Chat,language,0.0287767460555796,0.09773327432621885
Qwen1.5-1.8B-Chat,coding,0.0,0.11041211062003566
Qwen1.5-1.8B-Chat,instruction_following,0.29967948717948717,0.11041211062003566
Qwen1.5-1.8B-Chat,language,0.0315568446806198,0.11041211062003566
Qwen1.5-110B-Chat,coding,0.2182051282051282,0.30057683890306414
Qwen1.5-110B-Chat,instruction_following,0.5512820512820513,0.30057683890306414
Qwen1.5-110B-Chat,language,0.13224333722201292,0.30057683890306414
Qwen1.5-4B-Chat,coding,0.04487179487179487,0.1550116694246218
Qwen1.5-4B-Chat,instruction_following,0.36217948717948717,0.1550116694246218
Qwen1.5-4B-Chat,language,0.05798372622258333,0.1550116694246218
Qwen1.5-72B-Chat,coding,0.2282051282051282,0.35862021264270094
Qwen1.5-72B-Chat,instruction_following,0.7339743589743589,0.35862021264270094
Qwen1.5-72B-Chat,language,0.11368115074861569,0.35862021264270094
Qwen1.5-7B-Chat,coding,0.0941025641025641,0.21543483836378977
Qwen1.5-7B-Chat,instruction_following,0.49038461538461536,0.21543483836378977
Qwen1.5-7B-Chat,language,0.06181733560418978,0.21543483836378977
Qwen2-0.5B-Instruct,coding,0.01282051282051282,0.12793974537773992
Qwen2-0.5B-Instruct,instruction_following,0.34294871794871795,0.12793974537773992
Qwen2-0.5B-Instruct,language,0.02805000536398895,0.12793974537773992
Qwen2-1.5B-Instruct,coding,0.05205128205128205,0.16586592038786432
Qwen2-1.5B-Instruct,instruction_following,0.41506410256410253,0.16586592038786432
Qwen2-1.5B-Instruct,language,0.03048237654820833,0.16586592038786432
Qwen2-72B-Instruct,coding,0.3238461538461539,0.4900495976642318
Qwen2-72B-Instruct,instruction_following,0.8541666666666666,0.4900495976642318
Qwen2-72B-Instruct,language,0.29213597247987483,0.4900495976642318
Qwen2-7B-Instruct,coding,0.2894871794871795,0.2843694114486989
Qwen2-7B-Instruct,instruction_following,0.46153846153846156,0.2843694114486989
Qwen2-7B-Instruct,language,0.10208259332045577,0.2843694114486989
Qwen2.5-72B-Instruct-Turbo,coding,0.5764102564102564,0.5741903199717943
Qwen2.5-72B-Instruct-Turbo,instruction_following,0.7851153846153847,0.5741903199717943
Qwen2.5-72B-Instruct-Turbo,language,0.36104531888974173,0.5741903199717943
Qwen2.5-7B-Instruct-Turbo,coding,0.38371794871794873,0.383871809153926
Qwen2.5-7B-Instruct-Turbo,instruction_following,0.6143782051282052,0.383871809153926
Qwen2.5-7B-Instruct-Turbo,language,0.15351927361562415,0.383871809153926
Qwen2.5-Coder-32B-Instruct,coding,0.5684615384615385,0.5025736981287374
Qwen2.5-Coder-32B-Instruct,instruction_following,0.6879166666666667,0.5025736981287374
Qwen2.5-Coder-32B-Instruct,language,0.25134288925800713,0.5025736981287374
Reflection-Llama-3.1-70B,coding,0.17102564102564102,0.36088420696272827
Reflection-Llama-3.1-70B,instruction_following,0.5737179487179487,0.36088420696272827
Reflection-Llama-3.1-70B,language,0.3379090311445951,0.36088420696272827
Smaug-Qwen2-72B-Instruct,coding,0.375,0.375
Starling-LM-7B-beta,coding,0.18461538461538463,0.22970590805592547
Starling-LM-7B-beta,instruction_following,0.41185897435897434,0.22970590805592547
Starling-LM-7B-beta,language,0.09264336519341738,0.22970590805592547
Yi-6B-Chat,coding,0.02,0.1766774539035302
Yi-6B-Chat,instruction_following,0.4631410256410256,0.1766774539035302
Yi-6B-Chat,language,0.04689133606956498,0.1766774539035302
acm_rewrite_qwen2-72B-Chat,coding,0.39052631578947367,0.4893568207967037
acm_rewrite_qwen2-72B-Chat,instruction_following,0.7772435897435896,0.4893568207967037
acm_rewrite_qwen2-72B-Chat,language,0.3003005568570479,0.4893568207967037
amazon.nova-lite-v1:0,coding,0.2746153846153846,0.37106537714356885
amazon.nova-lite-v1:0,instruction_following,0.5710000000000001,0.37106537714356885
amazon.nova-lite-v1:0,language,0.267580746815322,0.37106537714356885
amazon.nova-micro-v1:0,coding,0.2017948717948718,0.27104588817073444
amazon.nova-micro-v1:0,instruction_following,0.41200000000000003,0.27104588817073444
amazon.nova-micro-v1:0,language,0.19934279271733157,0.27104588817073444
amazon.nova-pro-v1:0,coding,0.38153846153846155,0.4872051243736924
amazon.nova-pro-v1:0,instruction_following,0.7013333333333334,0.4872051243736924
amazon.nova-pro-v1:0,language,0.37874357824928234,0.4872051243736924
azerogpt,coding,0.3138461538461539,0.3968002487556268
azerogpt,instruction_following,0.6104999999999999,0.3968002487556268
azerogpt,language,0.26605459242072654,0.3968002487556268
chatgpt-4o-latest-2025-01-29,coding,0.6056410256410256,0.5878963004826289
chatgpt-4o-latest-2025-01-29,instruction_following,0.6611666666666666,0.5878963004826289
chatgpt-4o-latest-2025-01-29,language,0.49688120914019435,0.5878963004826289
chatgpt-4o-latest-2025-01-30,coding,0.47717948717948716,0.5317901606547802
chatgpt-4o-latest-2025-01-30,instruction_following,0.6388333333333334,0.5317901606547802
chatgpt-4o-latest-2025-01-30,language,0.4793576614515202,0.5317901606547802
chatgpt-4o-latest-2025-03-27,coding,0.6497435897435897,0.6432255836018914
chatgpt-4o-latest-2025-03-27,instruction_following,0.7686794871794872,0.6432255836018914
chatgpt-4o-latest-2025-03-27,language,0.5112536738825973,0.6432255836018914
claude-3-5-haiku-20241022,coding,0.5135897435897436,0.5309971738916901
claude-3-5-haiku-20241022,instruction_following,0.6879102564102564,0.5309971738916901
claude-3-5-haiku-20241022,language,0.39149152167507034,0.5309971738916901
claude-3-5-opus-20240229,language,0.014154704944178614,0.014154704944178614
claude-3-5-sonnet-20240620,coding,0.6084615384615384,0.6259640037606949
claude-3-5-sonnet-20240620,instruction_following,0.7186730769230769,0.6259640037606949
claude-3-5-sonnet-20240620,language,0.5507573958974695,0.6259640037606949
claude-3-5-sonnet-20241022,coding,0.6712820512820512,0.6453361635051186
claude-3-5-sonnet-20241022,instruction_following,0.7025897435897436,0.6453361635051186
claude-3-5-sonnet-20241022,language,0.5621366956435607,0.6453361635051186
claude-3-7-sonnet-20250219-base,coding,0.6748717948717948,0.6841976621298933
claude-3-7-sonnet-20250219-base,instruction_following,0.7788333333333333,0.6841976621298933
claude-3-7-sonnet-20250219-base,language,0.5988878581845517,0.6841976621298933
claude-3-7-sonnet-20250219-thinking-25k,coding,0.7153846153846153,0.7188366583502788
claude-3-7-sonnet-20250219-thinking-25k,instruction_following,0.8315,0.7188366583502788
claude-3-7-sonnet-20250219-thinking-25k,language,0.6096253596662211,0.7188366583502788
claude-3-7-sonnet-20250219-thinking-64k,coding,0.7453846153846153,0.7476769622452014
claude-3-7-sonnet-20250219-thinking-64k,instruction_following,0.8568333333333333,0.7476769622452014
claude-3-7-sonnet-20250219-thinking-64k,language,0.6408129380176556,0.7476769622452014
claude-3-haiku-20240307,coding,0.24461538461538462,0.37016633089798723
claude-3-haiku-20240307,instruction_following,0.5698717948717948,0.37016633089798723
claude-3-haiku-20240307,language,0.2960118132067821,0.37016633089798723
claude-3-opus-20240229,coding,0.3858974358974359,0.5226123182429453
claude-3-opus-20240229,instruction_following,0.6562884615384617,0.5226123182429453
claude-3-opus-20240229,language,0.5256510572929383,0.5226123182429453
claude-3-sonnet-20240229,coding,0.26384615384615384,0.42696571838669567
claude-3-sonnet-20240229,instruction_following,0.6362179487179488,0.42696571838669567
claude-3-sonnet-20240229,language,0.3808330525959844,0.42696571838669567
codegen3_5k-qwen2.5-72b-instruct-2-chk-50,coding,0.5664102564102564,0.6197800555714846
codegen3_5k-qwen2.5-72b-instruct-2-chk-50,instruction_following,0.9214743589743589,0.6197800555714846
codegen3_5k-qwen2.5-72b-instruct-2-chk-50,language,0.3714555513298384,0.6197800555714846
coding-meta-llama-3.1-70b-instruct-chk-50,coding,0.3523076923076923,0.5461884691885098
coding-meta-llama-3.1-70b-instruct-chk-50,instruction_following,0.8685897435897435,0.5461884691885098
coding-meta-llama-3.1-70b-instruct-chk-50,language,0.4176679716680938,0.5461884691885098
coding2-amcfull-apifull-mmlu12k-meta-llama-3.1-70b-instruct-chk-150,coding,0.3630769230769231,0.5394210123624872
coding2-amcfull-apifull-mmlu12k-meta-llama-3.1-70b-instruct-chk-150,instruction_following,0.8397435897435896,0.5394210123624872
coding2-amcfull-apifull-mmlu12k-meta-llama-3.1-70b-instruct-chk-150,language,0.4154425242669488,0.5394210123624872
command-a-03-2025,language,0.3669621182182429,0.3669621182182429
command-r-03-2024,coding,0.15256410256410258,0.2921613333119296
command-r-03-2024,instruction_following,0.5769230769230769,0.2921613333119296
command-r-03-2024,language,0.1469968204486094,0.2921613333119296
command-r-08-2024,coding,0.17897435897435898,0.34812931174990425
command-r-08-2024,instruction_following,0.6408269230769231,0.34812931174990425
command-r-08-2024,language,0.2245866531984306,0.34812931174990425
command-r-plus-04-2024,coding,0.20102564102564102,0.36492437809032885
command-r-plus-04-2024,instruction_following,0.6756410256410257,0.36492437809032885
command-r-plus-04-2024,language,0.21810646760431993,0.36492437809032885
command-r-plus-08-2024,coding,0.1914102564102564,0.3729654674176846
command-r-plus-08-2024,instruction_following,0.6189102564102564,0.3729654674176846
command-r-plus-08-2024,language,0.3085758894325411,0.3729654674176846
deepseek-chat,coding,0.4609375,0.4866914630721421
deepseek-chat,instruction_following,0.6782435897435897,0.4866914630721421
deepseek-chat,language,0.32089329947283657,0.4866914630721421
deepseek-coder,coding,0.41512820512820514,0.501193546077906
deepseek-coder,instruction_following,0.7580128205128205,0.501193546077906
deepseek-coder,language,0.33043961259269233,0.501193546077906
deepseek-r1,coding,0.6738461538461539,0.6669310254497454
deepseek-r1,instruction_following,0.8059999999999999,0.6669310254497454
deepseek-r1,language,0.5209469225030822,0.6669310254497454
deepseek-r1-distill-llama-70b,coding,0.5161538461538462,0.5072757237038532
deepseek-r1-distill-llama-70b,instruction_following,0.7021666666666667,0.5072757237038532
deepseek-r1-distill-llama-70b,language,0.30350665829104684,0.5072757237038532
deepseek-r1-distill-qwen-32b,coding,0.34487179487179487,0.44323073328736734
deepseek-r1-distill-qwen-32b,instruction_following,0.6961666666666666,0.44323073328736734
deepseek-r1-distill-qwen-32b,language,0.2886537383236405,0.44323073328736734
deepseek-r1-local,coding,0.8787878787878788,0.6720762248675226
deepseek-r1-local,language,0.4653645709471665,0.6720762248675226
deepseek-r1-local-2,coding,0.6730769230769231,0.6765042180104853
deepseek-r1-local-2,instruction_following,0.8571666666666666,0.6765042180104853
deepseek-r1-local-2,language,0.4992690642878661,0.6765042180104853
deepseek-v3,coding,0.6176923076923078,0.6047649925823803
deepseek-v3,instruction_following,0.7551666666666667,0.6047649925823803
deepseek-v3,language,0.4414360033881666,0.6047649925823803
deepseek-v3-0324,coding,0.7089743589743589,0.6850062300705374
deepseek-v3-0324,instruction_following,0.8678333333333333,0.6850062300705374
deepseek-v3-0324,language,0.47821099790392024,0.6850062300705374
dracarys2-72b-instruct,coding,0.5892307692307692,0.5201142160590105
dracarys2-72b-instruct,instruction_following,0.636,0.5201142160590105
dracarys2-72b-instruct,language,0.3351118789462624,0.5201142160590105
dracarys2-llama-3.1-70b-instruct,coding,0.3630769230769231,0.4783334755025272
dracarys2-llama-3.1-70b-instruct,instruction_following,0.6671666666666667,0.4783334755025272
dracarys2-llama-3.1-70b-instruct,language,0.40475683676399177,0.4783334755025272
gemini-1.5-flash-001,coding,0.34307692307692306,0.43061935666394024
gemini-1.5-flash-001,instruction_following,0.6361153846153846,0.43061935666394024
gemini-1.5-flash-001,language,0.3126657622995131,0.43061935666394024
gemini-1.5-flash-002,coding,0.4187179487179487,0.5145153488688079
gemini-1.5-flash-002,instruction_following,0.8375448717948718,0.5145153488688079
gemini-1.5-flash-002,language,0.28728322609360313,0.5145153488688079
gemini-1.5-flash-8b-001,language,0.22867841090078675,0.22867841090078675
gemini-1.5-flash-8b-exp-0827,coding,0.2874358974358975,0.4241679199849535
gemini-1.5-flash-8b-exp-0827,instruction_following,0.7684743589743589,0.4241679199849535
gemini-1.5-flash-8b-exp-0827,language,0.21659350354460408,0.4241679199849535
gemini-1.5-flash-8b-exp-0924,coding,0.2866666666666666,0.40409951651165926
gemini-1.5-flash-8b-exp-0924,instruction_following,0.7343333333333334,0.40409951651165926
gemini-1.5-flash-8b-exp-0924,language,0.1912985495349778,0.40409951651165926
gemini-1.5-flash-exp-0827,coding,0.40354430379746836,0.5022426681395182
gemini-1.5-flash-exp-0827,instruction_following,0.7999743589743589,0.5022426681395182
gemini-1.5-flash-exp-0827,language,0.3032093416467274,0.5022426681395182
gemini-1.5-pro-001,coding,0.32307692307692304,0.46597566521024353
gemini-1.5-pro-001,instruction_following,0.681775641025641,0.46597566521024353
gemini-1.5-pro-001,language,0.39307443152816646,0.46597566521024353
gemini-1.5-pro-002,coding,0.48794871794871797,0.5636939225725366
gemini-1.5-pro-002,instruction_following,0.7721410256410256,0.5636939225725366
gemini-1.5-pro-002,language,0.4309920241278662,0.5636939225725366
gemini-1.5-pro-exp-0801,coding,0.409873417721519,0.5538324270899958
gemini-1.5-pro-exp-0801,instruction_following,0.782051282051282,0.5538324270899958
gemini-1.5-pro-exp-0801,language,0.46957258149718645,0.5538324270899958
gemini-1.5-pro-exp-0827,coding,0.41430646332607113,0.5426343494164105
gemini-1.5-pro-exp-0827,instruction_following,0.736301282051282,0.5426343494164105
gemini-1.5-pro-exp-0827,language,0.47729530287187844,0.5426343494164105
gemini-2.0-flash,language,0.5208072318735761,0.5208072318735761
gemini-2.0-flash-001,coding,0.5392307692307692,0.6027605182084855
gemini-2.0-flash-001,instruction_following,0.8553333333333333,0.6027605182084855
gemini-2.0-flash-001,language,0.41371745206135424,0.6027605182084855
gemini-2.0-flash-exp,coding,0.5435897435897435,0.5784865872639954
gemini-2.0-flash-exp,instruction_following,0.805,0.5784865872639954
gemini-2.0-flash-exp,language,0.3868700182022427,0.5784865872639954
gemini-2.0-flash-lite-001,coding,0.4707692307692308,0.5304316781160142
gemini-2.0-flash-lite-001,instruction_following,0.7845,0.5304316781160142
gemini-2.0-flash-lite-001,language,0.3360258035788119,0.5304316781160142
gemini-2.0-flash-lite-preview-02-05,coding,0.4379487179487179,0.5445390820115654
gemini-2.0-flash-lite-preview-02-05,instruction_following,0.8420000000000001,0.5445390820115654
gemini-2.0-flash-lite-preview-02-05,language,0.3536685280859782,0.5445390820115654
gemini-2.0-flash-thinking-exp-01-21,coding,0.5348717948717949,0.6011325061040559
gemini-2.0-flash-thinking-exp-01-21,instruction_following,0.8168333333333334,0.6011325061040559
gemini-2.0-flash-thinking-exp-01-21,language,0.45169239010703927,0.6011325061040559
gemini-2.0-flash-thinking-exp-1219,coding,0.5312820512820513,0.5669663895242502
gemini-2.0-flash-thinking-exp-1219,instruction_following,0.7591666666666668,0.5669663895242502
gemini-2.0-flash-thinking-exp-1219,language,0.41045045062403224,0.5669663895242502
gemini-2.0-pro-exp-02-05,coding,0.6348717948717949,0.6492670862982831
gemini-2.0-pro-exp-02-05,instruction_following,0.8275,0.6492670862982831
gemini-2.0-pro-exp-02-05,language,0.4854294640230546,0.6492670862982831
gemini-2.5-pro-exp-03-25,coding,0.8587179487179487,0.7842884591266331
gemini-2.5-pro-exp-03-25,instruction_following,0.8095,0.7842884591266331
gemini-2.5-pro-exp-03-25,language,0.6846474286619508,0.7842884591266331
gemini-exp-1114,coding,0.5175000000000001,0.5874329008322621
gemini-exp-1114,instruction_following,0.8248589743589744,0.5874329008322621
gemini-exp-1114,language,0.4199397281378117,0.5874329008322621
gemini-exp-1121,coding,0.4975,0.5904517354864004
gemini-exp-1121,instruction_following,0.8630833333333333,0.5904517354864004
gemini-exp-1121,language,0.4107718731258679,0.5904517354864004
gemini-exp-1206,coding,0.6341025641025642,0.6625619777308284
gemini-exp-1206,instruction_following,0.8320000000000001,0.6625619777308284
gemini-exp-1206,language,0.5215833690899209,0.6625619777308284
gemma-1.1-7b-it,coding,0.09615384615384616,0.2454271416044896
gemma-1.1-7b-it,instruction_following,0.5336538461538461,0.2454271416044896
gemma-1.1-7b-it,language,0.10647373250577652,0.2454271416044896
gemma-2-27b-it,coding,0.35948717948717945,0.4701719516633825
gemma-2-27b-it,instruction_following,0.7126153846153847,0.4701719516633825
gemma-2-27b-it,language,0.33841329088758343,0.4701719516633825
gemma-2-9b-it,coding,0.2246153846153846,0.3592458950749455
gemma-2-9b-it,instruction_following,0.5872564102564102,0.3592458950749455
gemma-2-9b-it,language,0.2658658903530416,0.3592458950749455
gemma-3-12b-it,language,0.31269656186617634,0.31269656186617634
gemma-3-27b-it,coding,0.39871794871794874,0.4975116522494239
gemma-3-27b-it,instruction_following,0.715,0.4975116522494239
gemma-3-27b-it,language,0.3788170080303231,0.4975116522494239
gemma-3-4b-it,language,0.1505925822197743,0.1505925822197743
gpt-3.5-turbo-0125,coding,0.27743589743589747,0.42159735080600713
gpt-3.5-turbo-0125,instruction_following,0.7451923076923077,0.42159735080600713
gpt-3.5-turbo-0125,language,0.24216384728981633,0.42159735080600713
gpt-3.5-turbo-1106,coding,0.26743589743589746,0.35551632720142434
gpt-3.5-turbo-1106,instruction_following,0.5128205128205129,0.35551632720142434
gpt-3.5-turbo-1106,language,0.2862925713478626,0.35551632720142434
gpt-4-0125-preview,coding,0.41794871794871796,0.4979831643493025
gpt-4-0125-preview,instruction_following,0.6621346153846153,0.4979831643493025
gpt-4-0125-preview,language,0.41386615971457424,0.4979831643493025
gpt-4-0613,coding,0.3730769230769231,0.5289021385247396
gpt-4-0613,instruction_following,0.717948717948718,0.5289021385247396
gpt-4-0613,language,0.4956807745485778,0.5289021385247396
gpt-4-1106-preview,coding,0.4715384615384616,0.5753462433971703
gpt-4-1106-preview,instruction_following,0.7708333333333334,0.5753462433971703
gpt-4-1106-preview,language,0.4836669353197161,0.5753462433971703
gpt-4-turbo-2024-04-09,coding,0.49,0.5492963626713278
gpt-4-turbo-2024-04-09,instruction_following,0.7102692307692308,0.5492963626713278
gpt-4-turbo-2024-04-09,language,0.44761985724475245,0.5492963626713278
gpt-4.5-preview-2025-02-27,coding,0.7517948717948718,0.7016746612791301
gpt-4.5-preview-2025-02-27,instruction_following,0.7233333333333333,0.7016746612791301
gpt-4.5-preview-2025-02-27,language,0.6298957787091851,0.7016746612791301
gpt-4o-2024-05-13,coding,0.5,0.578555356640226
gpt-4o-2024-05-13,instruction_following,0.7157564102564102,0.578555356640226
gpt-4o-2024-05-13,language,0.5199096596642677,0.578555356640226
gpt-4o-2024-08-06,coding,0.5143589743589744,0.5898723099346729
gpt-4o-2024-08-06,instruction_following,0.7566923076923078,0.5898723099346729
gpt-4o-2024-08-06,language,0.49856564775273665,0.5898723099346729
gpt-4o-2024-11-20,coding,0.4607692307692308,0.5610741679243941
gpt-4o-2024-11-20,instruction_following,0.7356089743589743,0.5610741679243941
gpt-4o-2024-11-20,language,0.4868442986449774,0.5610741679243941
gpt-4o-mini-2024-07-18,coding,0.43153846153846154,0.4845163449015261
gpt-4o-mini-2024-07-18,instruction_following,0.6970064102564102,0.4845163449015261
gpt-4o-mini-2024-07-18,language,0.32500416290970663,0.4845163449015261
grok-2,coding,0.36230769230769233,0.48244596033678455
grok-2,instruction_following,0.7366666666666667,0.48244596033678455
grok-2,language,0.34836352203599463,0.48244596033678455
grok-2-1212,coding,0.4707692307692308,0.5348013189219379
grok-2-1212,instruction_following,0.6785,0.5348013189219379
grok-2-1212,language,0.45513472599658317,0.5348013189219379
grok-2-mini,coding,0.3751282051282051,0.525598817143765
grok-2-mini,instruction_following,0.8066666666666668,0.525598817143765
grok-2-mini,language,0.39500157963642324,0.525598817143765
grok-3,coding,0.5428205128205128,0.5280632741498121
grok-3,language,0.5133060354791116,0.5280632741498121
grok-3-beta,coding,0.512051282051282,0.6047540384339997
grok-3-beta,instruction_following,0.7589166666666667,0.6047540384339997
grok-3-beta,language,0.5432941665840502,0.6047540384339997
grok-3-mini-reasoning-beta,coding,0.5417948717948718,0.514344562859686
grok-3-mini-reasoning-beta,instruction_following,0.6236666666666667,0.514344562859686
grok-3-mini-reasoning-beta,language,0.3775721501175195,0.514344562859686
grok-beta,coding,0.45153846153846156,0.5346412910389656
grok-beta,instruction_following,0.7046666666666667,0.5346412910389656
grok-beta,language,0.4477187449117688,0.5346412910389656
hermes-3-llama-3.1-70b,coding,0.3138461538461539,0.42218970474673556
hermes-3-llama-3.1-70b,instruction_following,0.515,0.42218970474673556
hermes-3-llama-3.1-70b,language,0.4377229603940529,0.42218970474673556
hunyuan-turbos-20250313,coding,0.46564102564102566,0.5729644765252541
hunyuan-turbos-20250313,instruction_following,0.8320000000000001,0.5729644765252541
hunyuan-turbos-20250313,language,0.42125240393473656,0.5729644765252541
lcb-math-qwen2-72b-instructv3-merged-50,coding,0.3894871794871795,0.51761458733157
lcb-math-qwen2-72b-instructv3-merged-50,instruction_following,0.8516666666666667,0.51761458733157
lcb-math-qwen2-72b-instructv3-merged-50,language,0.31168991584086353,0.51761458733157
learnlm-1.5-pro-experimental,coding,0.4687179487179487,0.5233823437463198
learnlm-1.5-pro-experimental,instruction_following,0.703,0.5233823437463198
learnlm-1.5-pro-experimental,language,0.39842908252101067,0.5233823437463198
llama-2-7b-chat-hf,coding,0.0,0.0
llama-3.1-nemotron-70b-instruct,coding,0.32666666666666666,0.4560165380405355
llama-3.1-nemotron-70b-instruct,instruction_following,0.6966666666666668,0.4560165380405355
llama-3.1-nemotron-70b-instruct,language,0.3447162807882731,0.4560165380405355
llama-3.3-70b-instruct-turbo,coding,0.3658974358974359,0.5208858563548113
llama-3.3-70b-instruct-turbo,instruction_following,0.782,0.5208858563548113
llama-3.3-70b-instruct-turbo,language,0.41476013316699817,0.5208858563548113
llama-4-maverick-17b-128e-instruct,coding,0.5064102564102564,0.5936517958265043
llama-4-maverick-17b-128e-instruct,instruction_following,0.7958333333333333,0.5936517958265043
llama-4-maverick-17b-128e-instruct,language,0.47871179773592304,0.5936517958265043
mathstral-7B-v0.1,coding,0.1453846153846154,0.2930211486905149
mathstral-7B-v0.1,instruction_following,0.58,0.2930211486905149
mathstral-7B-v0.1,language,0.15367883068692925,0.2930211486905149
meta-llama-3-70b-instruct,coding,0.2,0.2
meta-llama-3-8b-instruct,coding,0.2,0.2
meta-llama-3.1-405b-instruct-turbo,coding,0.41512820512820514,0.5424905264168288
meta-llama-3.1-405b-instruct-turbo,instruction_following,0.7681666666666667,0.5424905264168288
meta-llama-3.1-405b-instruct-turbo,language,0.4441767074556148,0.5424905264168288
meta-llama-3.1-70b-instruct-turbo,coding,0.34307692307692306,0.47967033371265694
meta-llama-3.1-70b-instruct-turbo,instruction_following,0.7276666666666667,0.47967033371265694
meta-llama-3.1-70b-instruct-turbo,language,0.3682674113943811,0.47967033371265694
meta-llama-3.1-8b-instruct-turbo,coding,0.17743589743589744,0.3146625655116047
meta-llama-3.1-8b-instruct-turbo,instruction_following,0.5705,0.3146625655116047
meta-llama-3.1-8b-instruct-turbo,language,0.19605179909891668,0.3146625655116047
mistral-7b-instruct-v0.2,coding,0.13333333333333333,0.13333333333333333
mistral-large,language,0.018621874864373212,0.018621874864373212
mistral-large-2402,coding,0.27384615384615385,0.4237620413155279
mistral-large-2402,instruction_following,0.71,0.4237620413155279
mistral-large-2402,language,0.28743997010043004,0.4237620413155279
mistral-large-2407,coding,0.4707692307692308,0.5211864093811325
mistral-large-2407,instruction_following,0.69625,0.5211864093811325
mistral-large-2407,language,0.3965399973741665,0.5211864093811325
mistral-large-2411,coding,0.4707692307692308,0.5226447232695782
mistral-large-2411,instruction_following,0.6988333333333334,0.5226447232695782
mistral-large-2411,language,0.39833160570617027,0.5226447232695782
mistral-small-2402,coding,0.21179487179487178,0.36544903186073135
mistral-small-2402,instruction_following,0.6798333333333333,0.36544903186073135
mistral-small-2402,language,0.20471889045398903,0.36544903186073135
mistral-small-2409,coding,0.25743589743589745,0.3292608247595698
mistral-small-2409,instruction_following,0.46116666666666667,0.3292608247595698
mistral-small-2409,language,0.26917991017614534,0.3292608247595698
mistral-small-2501,coding,0.35307692307692307,0.438870119129428
mistral-small-2501,instruction_following,0.6506666666666666,0.438870119129428
mistral-small-2501,language,0.31286676764469434,0.438870119129428
mistral-small-2503,coding,0.36230769230769233,0.43481440066156135
mistral-small-2503,instruction_following,0.6241666666666666,0.43481440066156135
mistral-small-2503,language,0.3179688430103251,0.43481440066156135
mixtral-8x22b-instruct-v0.1,coding,0.2,0.2
mixtral-8x7b-instruct-v0.1,coding,0.13333333333333333,0.13333333333333333
o1,coding,0.6161538461538462,0.6161538461538462
o1-2024-12-17-high,coding,0.696923076923077,0.7375221090323621
o1-2024-12-17-high,instruction_following,0.8290000000000001,0.7375221090323621
o1-2024-12-17-high,language,0.6866432501740095,0.7375221090323621
o1-2024-12-17-low,coding,0.5256410256410257,0.6520232495022045
o1-2024-12-17-low,instruction_following,0.8315,0.6520232495022045
o1-2024-12-17-low,language,0.5989287228655878,0.6520232495022045
o1-2024-12-17-medium,coding,0.5556410256410257,0.666453792868886
o1-2024-12-17-medium,instruction_following,0.8086666666666666,0.666453792868886
o1-2024-12-17-medium,language,0.6350536862989655,0.666453792868886
o1-mini-2024-09-12,coding,0.4805128205128205,0.5523629502030888
o1-mini-2024-09-12,instruction_following,0.7255,0.5523629502030888
o1-mini-2024-09-12,language,0.45107603009644587,0.5523629502030888
o1-preview-2024-09-12,coding,0.5084615384615384,0.6891460823859313
o1-preview-2024-09-12,instruction_following,0.8520833333333333,0.6891460823859313
o1-preview-2024-09-12,language,0.7068933753629221,0.6891460823859313
o3-mini-2025-01-31-high,coding,0.8338461538461539,0.7318390427086111
o3-mini-2025-01-31-high,instruction_following,0.825,0.7318390427086111
o3-mini-2025-01-31-high,language,0.5366709742796792,0.7318390427086111
o3-mini-2025-01-31-low,coding,0.6146153846153847,0.6101608769309471
o3-mini-2025-01-31-low,instruction_following,0.7858333333333333,0.6101608769309471
o3-mini-2025-01-31-low,language,0.43003391284412357,0.6101608769309471
o3-mini-2025-01-31-medium,coding,0.6602564102564102,0.6528994337773604
o3-mini-2025-01-31-medium,instruction_following,0.7985,0.6528994337773604
o3-mini-2025-01-31-medium,language,0.49994189107567094,0.6528994337773604
olmo-2-1124-13b-instruct,coding,0.1041025641025641,0.29450852354455875
olmo-2-1124-13b-instruct,instruction_following,0.6678333333333333,0.29450852354455875
olmo-2-1124-13b-instruct,language,0.11158967319777886,0.29450852354455875
open-mistral-nemo,coding,0.2874358974358975,0.3507547219534998
open-mistral-nemo,instruction_following,0.6233333333333334,0.3507547219534998
open-mistral-nemo,language,0.14149493509126856,0.3507547219534998
open-mixtral-8x22b,coding,0.2857142857142857,0.3494746425856134
open-mixtral-8x22b,instruction_following,0.5168333333333333,0.3494746425856134
open-mixtral-8x22b,language,0.2458763087092211,0.3494746425856134
open-mixtral-8x7b,coding,0.13095238095238096,0.13095238095238096
perplexity-sonar-reasoning,coding,0.02631578947368421,0.02631578947368421
phi-3-medium-4k-instruct,instruction_following,0.3953333333333333,0.3953333333333333
phi-3-mini-128k-instruct,coding,0.13333333333333333,0.20066666666666666
phi-3-mini-128k-instruct,instruction_following,0.40700000000000003,0.20066666666666666
phi-3-mini-128k-instruct,language,0.06166666666666666,0.20066666666666666
phi-3-mini-4k-instruct,coding,0.2,0.1958888888888889
phi-3-mini-4k-instruct,instruction_following,0.3426666666666667,0.1958888888888889
phi-3-mini-4k-instruct,language,0.045,0.1958888888888889
phi-3-small-8k-instruct,instruction_following,0.44166666666666665,0.44166666666666665
phi-4,coding,0.30666666666666664,0.3826678631588149
phi-4,instruction_following,0.5479999999999999,0.3826678631588149
phi-4,language,0.293336922809778,0.3826678631588149
qwen1.5-0.5b-chat,coding,0.0,0.0
qwen1.5-1.8b-chat,coding,0.0,0.0
qwen1.5-110b-chat,coding,0.2,0.2
qwen1.5-4b-chat,coding,0.06666666666666667,0.06666666666666667
qwen1.5-72b-chat,coding,0.2,0.2
qwen1.5-7b-chat,coding,0.13333333333333333,0.13333333333333333
qwen2-72b-instruct,coding,0.0,0.0
qwen2-math-72b-instruct,coding,0.4115384615384615,0.38597445065191954
qwen2-math-72b-instruct,instruction_following,0.5433333333333333,0.38597445065191954
qwen2-math-72b-instruct,language,0.20305155708396375,0.38597445065191954
qwen2.5-72b-instruct-turbo,coding,0.3333333333333333,0.3655757074632565
qwen2.5-72b-instruct-turbo,language,0.3978180815931798,0.3655757074632565
qwen2.5-7b-instruct-turbo,coding,0.3333333333333333,0.27077014039508135
qwen2.5-7b-instruct-turbo,language,0.20820694745682938,0.27077014039508135
qwen2.5-coder-32b-instruct,language,0.3733580800604241,0.3733580800604241
qwen2.5-max,coding,0.6441025641025642,0.6608660862914038
qwen2.5-max,instruction_following,0.7663333333333334,0.6608660862914038
qwen2.5-max,language,0.5721623614383137,0.6608660862914038
qwq-32b,coding,0.7223076923076923,0.6936357415650249
qwq-32b,instruction_following,0.853,0.6936357415650249
qwq-32b,language,0.5055995323873826,0.6936357415650249
qwq-32b-preview,coding,0.372051282051282,0.3135245522729035
qwq-32b-preview,instruction_following,0.3678333333333333,0.3135245522729035
qwq-32b-preview,language,0.20068904143409516,0.3135245522729035
reflection-llama-3.1-70b,coding,0.2,0.2
sky-t1-32b-preview,coding,0.5456410256410257,0.42631400017058824
sky-t1-32b-preview,instruction_following,0.5253333333333333,0.42631400017058824
sky-t1-32b-preview,language,0.20796764153740566,0.42631400017058824
sonar,coding,0.3515384615384616,0.542698840628864
sonar,instruction_following,0.829,0.542698840628864
sonar,language,0.44755806034813034,0.542698840628864
sonar-pro,coding,0.6012820512820513,0.633970514513344
sonar-pro,instruction_following,0.6101666666666666,0.633970514513344
sonar-pro,language,0.690462825591314,0.633970514513344
starling-lm-7b-beta,coding,0.26666666666666666,0.26666666666666666
step-2-16k-202411,coding,0.47192307692307695,0.6021142365241889
step-2-16k-202411,instruction_following,0.8936666666666666,0.6021142365241889
step-2-16k-202411,language,0.4407529659828234,0.6021142365241889
vicuna-7b-v1.5,coding,0.019230769230769232,0.2291657888322689
vicuna-7b-v1.5,instruction_following,0.5816666666666667,0.2291657888322689
vicuna-7b-v1.5,language,0.08659993059937082,0.2291657888322689
vicuna-7b-v1.5-16k,coding,0.026410256410256412,0.2463020742140691
vicuna-7b-v1.5-16k,instruction_following,0.6333333333333333,0.2463020742140691
vicuna-7b-v1.5-16k,language,0.0791626328986176,0.2463020742140691
wbot-4:347b_no_s,coding,0.6412820512820513,0.5597044504072414
wbot-4:347b_no_s,instruction_following,0.7189999999999999,0.5597044504072414
wbot-4:347b_no_s,language,0.3188312999396728,0.5597044504072414
yi-6b-chat,coding,0.0,0.0
zephyr-7b-alpha,coding,0.12256410256410256,0.2526215175233194
zephyr-7b-alpha,instruction_following,0.5633333333333334,0.2526215175233194
zephyr-7b-alpha,language,0.07196711667252231,0.2526215175233194
zephyr-7b-beta,coding,0.08051282051282051,0.23723110090401087
zephyr-7b-beta,instruction_following,0.5883333333333334,0.23723110090401087
zephyr-7b-beta,language,0.04284714886587875,0.23723110090401087
