mapped_base_model,model_id,leaderboard_acc_none,leaderboard_acc_norm_none,leaderboard_bbh_acc_norm_none,leaderboard_bbh_boolean_expressions_acc_norm_none,leaderboard_bbh_causal_judgement_acc_norm_none,leaderboard_bbh_date_understanding_acc_norm_none,leaderboard_bbh_disambiguation_qa_acc_norm_none,leaderboard_bbh_formal_fallacies_acc_norm_none,leaderboard_bbh_geometric_shapes_acc_norm_none,leaderboard_bbh_hyperbaton_acc_norm_none,leaderboard_bbh_logical_deduction_five_objects_acc_norm_none,leaderboard_bbh_logical_deduction_seven_objects_acc_norm_none,leaderboard_bbh_logical_deduction_three_objects_acc_norm_none,leaderboard_bbh_movie_recommendation_acc_norm_none,leaderboard_bbh_navigate_acc_norm_none,leaderboard_bbh_object_counting_acc_norm_none,leaderboard_bbh_penguins_in_a_table_acc_norm_none,leaderboard_bbh_reasoning_about_colored_objects_acc_norm_none,leaderboard_bbh_ruin_names_acc_norm_none,leaderboard_bbh_salient_translation_error_detection_acc_norm_none,leaderboard_bbh_snarks_acc_norm_none,leaderboard_bbh_sports_understanding_acc_norm_none,leaderboard_bbh_temporal_sequences_acc_norm_none,leaderboard_bbh_tracking_shuffled_objects_five_objects_acc_norm_none,leaderboard_bbh_tracking_shuffled_objects_seven_objects_acc_norm_none,leaderboard_bbh_tracking_shuffled_objects_three_objects_acc_norm_none,leaderboard_bbh_web_of_lies_acc_norm_none,leaderboard_exact_match_none,leaderboard_gpqa_acc_norm_none,leaderboard_gpqa_diamond_acc_norm_none,leaderboard_gpqa_extended_acc_norm_none,leaderboard_gpqa_main_acc_norm_none,leaderboard_ifeval_inst_level_strict_acc_none,leaderboard_ifeval_prompt_level_strict_acc_none,leaderboard_inst_level_strict_acc_none,leaderboard_math_algebra_hard_exact_match_none,leaderboard_math_counting_and_prob_hard_exact_match_none,leaderboard_math_geometry_hard_exact_match_none,leaderboard_math_hard_exact_match_none,leaderboard_math_intermediate_algebra_hard_exact_match_none,leaderboard_math_num_theory_hard_exact_match_none,leaderboard_math_prealgebra_hard_exact_match_none,leaderboard_math_precalculus_hard_exact_match_none,leaderboard_mmlu_pro_acc_none,leaderboard_musr_acc_norm_none,leaderboard_musr_murder_mysteries_acc_norm_none,leaderboard_musr_object_placements_acc_norm_none,leaderboard_musr_team_allocation_acc_norm_none,leaderboard_prompt_level_strict_acc_none,Pretraining tokens (T),#Params (B),lastModified
allenai/digital-socrates-13b,allenai/digital-socrates-13b,0.2401928191489361,0.4157478272149436,0.4494011456344384,0.76,0.5775401069518716,0.452,0.716,0.548,0.412,0.552,0.428,0.348,0.568,0.728,0.42,0.292,0.4246575342465753,0.352,0.472,0.328,0.6348314606741573,0.656,0.108,0.164,0.136,0.28,0.504,0.0181268882175226,0.2466442953020134,0.2575757575757575,0.2490842490842491,0.2388392857142857,0.3741007194244604,0.2717190388170055,0.3741007194244604,0.0325732899022801,0.008130081300813,0.0151515151515151,0.0181268882175226,0.0142857142857142,0.0129870129870129,0.0207253886010362,0.0074074074074074,0.2401928191489361,0.4259259259259259,0.54,0.31640625,0.424,0.2717190388170055,2.0,13.0,2024-09-02T19:21:33+00:00
allenai/digital-socrates-7b,allenai/digital-socrates-7b,0.1820146276595744,0.3805941107796082,0.4034021871202916,0.732,0.5561497326203209,0.436,0.416,0.508,0.368,0.544,0.26,0.22,0.488,0.656,0.496,0.256,0.410958904109589,0.248,0.448,0.252,0.4606741573033708,0.656,0.156,0.196,0.148,0.34,0.488,0.0181268882175226,0.2575503355704698,0.2323232323232323,0.2600732600732601,0.265625,0.3393285371702638,0.2144177449168207,0.3393285371702638,0.0293159609120521,0.016260162601626,0.0075757575757575,0.0181268882175226,0.0142857142857142,0.0324675324675324,0.0155440414507772,0.0,0.1820146276595744,0.4007936507936508,0.528,0.25,0.428,0.2144177449168207,2.0,7.0,2024-09-02T19:21:15+00:00
meta-llama/Llama-3.1-8B,allenai/Llama-3.1-8B-Instruct-RM-RB2,0.1314827127659574,0.2987417304449345,0.2982121159520916,0.444,0.4759358288770053,0.26,0.424,0.468,0.1,0.552,0.208,0.14,0.412,0.216,0.58,0.068,0.1917808219178082,0.02,0.228,0.128,0.4775280898876404,0.46,0.28,0.176,0.12,0.312,0.468,0.0,0.2684563758389262,0.2626262626262626,0.2802197802197802,0.2566964285714285,0.2601918465227817,0.1386321626617375,0.2601918465227817,0.0,0.0,0.0,0.0,0.0,0.0,0.0,0.0,0.1314827127659574,0.3505291005291005,0.5,0.23828125,0.316,0.1386321626617375,15.0,8.0,2025-06-04T08:53:18+00:00
meta-llama/Llama-3.1-70B,allenai/Llama-3.1-Tulu-3-70B,,,,,,,,,,,,,,,,,,,,,,,,,,,,,,,,,,,,,,,,,,,,,,,,,,15.0,70.0,2025-02-10T19:45:32+00:00
meta-llama/Llama-3.1-8B,allenai/Llama-3.1-Tulu-3-8B,0.3213929521276595,0.4519392917369308,0.4865474743968061,0.828,0.6042780748663101,0.512,0.468,0.58,0.284,0.62,0.38,0.368,0.576,0.724,0.648,0.46,0.4246575342465753,0.568,0.468,0.464,0.6235955056179775,0.78,0.176,0.204,0.152,0.272,0.536,0.1865558912386707,0.3045302013422818,0.3383838383838384,0.2912087912087912,0.3058035714285714,0.6594724220623501,0.5637707948243993,0.6594724220623501,0.3387622149837133,0.1382113821138211,0.0909090909090909,0.1865558912386707,0.0392857142857142,0.1623376623376623,0.3575129533678756,0.0666666666666666,0.3213929521276595,0.4206349206349206,0.568,0.3359375,0.36,0.5637707948243993,15.0,8.0,2025-02-13T20:21:13+00:00
meta-llama/Llama-3.1-8B,allenai/Llama-3.1-Tulu-3-8B-DPO,0.3258809840425531,0.4533661953560773,0.4888040270786322,0.828,0.6310160427807486,0.504,0.472,0.576,0.26,0.604,0.376,0.38,0.584,0.712,0.644,0.456,0.4520547945205479,0.576,0.456,0.44,0.6741573033707865,0.776,0.208,0.22,0.156,0.292,0.528,0.1790030211480362,0.3062080536912752,0.3333333333333333,0.293040293040293,0.3102678571428571,0.6546762589928058,0.5471349353049908,0.6546762589928058,0.3778501628664495,0.08130081300813,0.0606060606060606,0.1790030211480362,0.0357142857142857,0.1103896103896103,0.3626943005181347,0.0444444444444444,0.3258809840425531,0.4153439153439153,0.56,0.34375,0.344,0.5471349353049908,15.0,8.0,2025-06-11T05:03:09+00:00
meta-llama/Llama-3.1-8B,allenai/Llama-3.1-Tulu-3-8B-SFT,0.3206449468085106,0.4492152030094694,0.48429092171498,0.796,0.5828877005347594,0.448,0.432,0.568,0.268,0.636,0.388,0.34,0.568,0.74,0.652,0.464,0.4383561643835616,0.556,0.424,0.448,0.7078651685393258,0.784,0.284,0.18,0.152,0.272,0.564,0.086858006042296,0.3011744966442953,0.3383838383838384,0.282051282051282,0.3080357142857143,0.3872901678657074,0.299445471349353,0.3872901678657074,0.1758957654723127,0.024390243902439,0.0454545454545454,0.086858006042296,0.0285714285714285,0.0324675324675324,0.1917098445595854,0.0148148148148148,0.3206449468085106,0.4153439153439153,0.548,0.3984375,0.3,0.299445471349353,15.0,8.0,2025-01-30T00:46:11+00:00
meta-llama/Llama-3.1-8B,allenai/Llama-3.1-Tulu-3.1-8B,0.3132480053191489,0.4538850693994033,0.4936642943933345,0.828,0.6310160427807486,0.468,0.66,0.568,0.272,0.656,0.328,0.348,0.568,0.732,0.644,0.46,0.410958904109589,0.536,0.488,0.44,0.6348314606741573,0.792,0.208,0.22,0.16,0.296,0.54,0.216012084592145,0.2810402684563758,0.2828282828282828,0.2948717948717949,0.2633928571428571,0.6930455635491607,0.589648798521257,0.6930455635491607,0.4234527687296417,0.1382113821138211,0.0909090909090909,0.216012084592145,0.05,0.1103896103896103,0.4455958549222797,0.074074074074074,0.3132480053191489,0.4232804232804232,0.576,0.359375,0.336,0.589648798521257,15.0,8.0,2025-02-10T19:45:51+00:00
allenai/OLMo-1B,allenai/OLMo-1B,,,,,,,,,,,,,,,,,,,,,,,,,,,,,,,,,,,,,,,,,,,,,,,,,,3.0,1.0,2024-07-16T18:02:54+00:00
allenai/OLMo-1B-0724-hf,allenai/OLMo-1B-0724-hf,0.1177692819148936,0.3044493449215203,0.3082798125325464,0.564,0.5187165775401069,0.244,0.284,0.468,0.084,0.516,0.188,0.156,0.364,0.448,0.584,0.104,0.2260273972602739,0.168,0.108,0.124,0.5056179775280899,0.488,0.208,0.152,0.136,0.32,0.516,0.0143504531722054,0.2609060402684564,0.2424242424242424,0.2619047619047619,0.2678571428571428,0.2194244604316546,0.1072088724584103,0.2194244604316546,0.022801302931596,0.0,0.0151515151515151,0.0143504531722054,0.0,0.0519480519480519,0.0103626943005181,0.0,0.1177692819148936,0.3439153439153439,0.472,0.265625,0.296,0.1072088724584103,3.05,1.0,2024-08-05T20:14:39+00:00
allenai/OLMo-1B,allenai/OLMo-1B-hf,0.1146110372340425,0.3063951225839927,0.301162992536018,0.564,0.5187165775401069,0.2,0.376,0.488,0.124,0.516,0.204,0.132,0.32,0.236,0.42,0.096,0.1986301369863013,0.136,0.288,0.116,0.5393258426966292,0.46,0.26,0.172,0.124,0.332,0.488,0.0083081570996978,0.2651006711409396,0.2676767676767677,0.2783882783882784,0.2477678571428571,0.2014388489208633,0.099815157116451,0.2014388489208633,0.006514657980456,0.016260162601626,0.0075757575757575,0.0083081570996978,0.0107142857142857,0.0064935064935064,0.0103626943005181,0.0,0.1146110372340425,0.4113756613756614,0.536,0.26953125,0.432,0.099815157116451,3.0,1.0,2024-08-14T17:49:51+00:00
allenai/OLMo-2-0325-32B,allenai/OLMo-2-0325-32B,0.4192154255319149,0.5116098067194189,0.5611872938725916,0.816,0.6363636363636364,0.508,0.684,0.568,0.284,0.824,0.472,0.408,0.66,0.852,0.644,0.476,0.4726027397260274,0.516,0.836,0.472,0.8426966292134831,0.744,0.688,0.188,0.144,0.268,0.528,0.0770392749244713,0.3204697986577181,0.3232323232323232,0.3186813186813186,0.3214285714285714,0.3201438848920863,0.1922365988909427,0.3201438848920863,0.1368078175895765,0.048780487804878,0.0303030303030303,0.0770392749244713,0.0214285714285714,0.0584415584415584,0.1761658031088082,0.0074074074074074,0.4192154255319149,0.4351851851851852,0.556,0.390625,0.36,0.1922365988909427,6.0,32.0,2025-04-29T18:51:42+00:00
allenai/OLMo-2-0325-32B,allenai/OLMo-2-0325-32B-Instruct,0.4242021276595745,0.5201712284342975,0.5662211421628189,0.824,0.6524064171122995,0.448,0.692,0.58,0.348,0.832,0.48,0.444,0.66,0.792,0.676,0.428,0.5136986301369864,0.524,0.848,0.528,0.8202247191011236,0.724,0.66,0.2,0.144,0.284,0.56,0.2190332326283988,0.3414429530201342,0.3636363636363636,0.3333333333333333,0.3415178571428571,0.7949640287769785,0.7079482439926063,0.7949640287769785,0.3941368078175896,0.1707317073170731,0.0681818181818181,0.2190332326283988,0.0464285714285714,0.1818181818181818,0.4715025906735751,0.0518518518518518,0.4242021276595745,0.451058201058201,0.584,0.37109375,0.4,0.7079482439926063,6.0,32.0,2025-03-14T22:45:15+00:00
allenai/OLMo-2-0325-32B,allenai/OLMo-2-0325-32B-Instruct-GGUF,,,,,,,,,,,,,,,,,,,,,,,,,,,,,,,,,,,,,,,,,,,,,,,,,,6.0,32.0,2025-04-30T18:03:01+00:00
allenai/OLMo-2-0325-32B,allenai/OLMo-2-0325-32B-SFT,,,,,,,,,,,,,,,,,,,,,,,,,,,,,,,,,,,,,,,,,,,,,,,,,,6.0,32.0,2025-03-14T22:59:02+00:00
allenai/OLMo-2-0425-1B,allenai/OLMo-2-0425-1B,0.1530086436170212,0.3270203658062005,0.3339697969102586,0.548,0.5294117647058824,0.348,0.348,0.476,0.172,0.516,0.192,0.156,0.368,0.468,0.58,0.296,0.273972602739726,0.224,0.128,0.22,0.449438202247191,0.532,0.08,0.184,0.14,0.332,0.512,0.0158610271903323,0.2785234899328859,0.2828282828282828,0.2619047619047619,0.296875,0.1750599520383693,0.0831792975970425,0.1750599520383693,0.0260586319218241,0.032520325203252,0.0075757575757575,0.0158610271903323,0.0035714285714285,0.0064935064935064,0.0310880829015544,0.0,0.1530086436170212,0.3505291005291005,0.496,0.30859375,0.248,0.0831792975970425,4.0,1.0,2025-05-28T20:35:45+00:00
allenai/OLMo-2-0425-1B,allenai/OLMo-2-0425-1B-DPO,0.1658078457446808,0.3344143209235958,0.3462940461725395,0.48,0.6203208556149733,0.368,0.492,0.456,0.124,0.496,0.216,0.156,0.388,0.592,0.58,0.316,0.2602739726027397,0.168,0.12,0.192,0.5224719101123596,0.54,0.164,0.2,0.132,0.3,0.512,0.0234138972809667,0.2692953020134228,0.303030303030303,0.2692307692307692,0.2544642857142857,0.5911270983213429,0.4417744916820702,0.5911270983213429,0.0488599348534201,0.008130081300813,0.0075757575757575,0.0234138972809667,0.0071428571428571,0.0129870129870129,0.0518134715025906,0.0,0.1658078457446808,0.3465608465608465,0.54,0.265625,0.236,0.4417744916820702,4.0,1.0,2025-04-30T22:33:13+00:00
allenai/OLMo-2-0425-1B,allenai/OLMo-2-0425-1B-Instruct,0.1670545212765957,0.3328576987936179,0.3468147890991147,0.52,0.6256684491978609,0.392,0.456,0.484,0.088,0.472,0.224,0.144,0.376,0.552,0.58,0.356,0.2397260273972602,0.208,0.136,0.136,0.5168539325842697,0.564,0.168,0.204,0.128,0.316,0.512,0.0475830815709969,0.2558724832214765,0.2929292929292929,0.2417582417582417,0.2566964285714285,0.5875299760191847,0.4399260628465804,0.5875299760191847,0.0944625407166123,0.016260162601626,0.0227272727272727,0.0475830815709969,0.025,0.0194805194805194,0.0984455958549222,0.0,0.1670545212765957,0.3478835978835979,0.548,0.26171875,0.236,0.4399260628465804,4.0,1.0,2025-04-30T22:32:46+00:00
allenai/OLMo-2-0425-1B,allenai/OLMo-2-0425-1B-Instruct-GGUF,,,,,,,,,,,,,,,,,,,,,,,,,,,,,,,,,,,,,,,,,,,,,,,,,,4.0,1.0,2025-05-01T19:31:21+00:00
allenai/OLMo-2-0425-1B,allenai/OLMo-2-0425-1B-SFT,0.1567486702127659,0.3384355947593722,0.3501128276340913,0.472,0.5882352941176471,0.396,0.52,0.484,0.096,0.524,0.24,0.14,0.384,0.624,0.556,0.344,0.2054794520547945,0.228,0.076,0.196,0.5280898876404494,0.564,0.072,0.184,0.18,0.344,0.508,0.0294561933534743,0.2625838926174497,0.2878787878787879,0.2582417582417582,0.2566964285714285,0.3992805755395683,0.2902033271719039,0.3992805755395683,0.0456026058631921,0.032520325203252,0.0,0.0294561933534743,0.0178571428571428,0.0194805194805194,0.0673575129533678,0.0,0.1567486702127659,0.369047619047619,0.512,0.3046875,0.292,0.2902033271719039,4.0,1.0,2025-04-30T22:33:22+00:00
allenai/OLMo-2-1124-13B,allenai/OLMo-2-1124-13B,0.3404255319148936,0.4664677649500584,0.5075507724353411,0.828,0.6203208556149733,0.348,0.684,0.552,0.372,0.768,0.412,0.496,0.62,0.752,0.58,0.516,0.4452054794520548,0.428,0.784,0.292,0.8258426966292135,0.684,0.192,0.14,0.1,0.328,0.508,0.0513595166163142,0.299496644295302,0.2878787878787879,0.2912087912087912,0.3147321428571428,0.2350119904076738,0.1349353049907578,0.2350119904076738,0.1042345276872964,0.008130081300813,0.0303030303030303,0.0513595166163142,0.0142857142857142,0.0389610389610389,0.1036269430051813,0.0074074074074074,0.3404255319148936,0.4166666666666667,0.552,0.3828125,0.316,0.1349353049907578,5.0,13.0,2025-01-06T19:47:58+00:00
allenai/OLMo-2-1124-13B,allenai/OLMo-2-1124-13B-DPO,0.3332779255319149,0.4738617200674536,0.5059885436556153,0.812,0.6042780748663101,0.312,0.716,0.568,0.38,0.624,0.436,0.456,0.616,0.732,0.58,0.516,0.4452054794520548,0.488,0.724,0.404,0.797752808988764,0.664,0.244,0.128,0.1,0.316,0.564,0.1404833836858006,0.322986577181208,0.2929292929292929,0.3205128205128205,0.3392857142857143,0.6462829736211031,0.5231053604436229,0.6462829736211031,0.2866449511400651,0.056910569105691,0.0606060606060606,0.1404833836858006,0.0214285714285714,0.0714285714285714,0.3316062176165803,0.0148148148148148,0.3332779255319149,0.4669312169312169,0.58,0.44921875,0.372,0.5231053604436229,5.0,13.0,2025-01-24T21:10:49+00:00
allenai/OLMo-2-1124-7B,allenai/OLMo-2-1124-13B-Instruct,0.3318650265957447,0.4764560902840835,0.509460163166117,0.816,0.6203208556149733,0.32,0.72,0.568,0.38,0.628,0.428,0.484,0.632,0.744,0.58,0.528,0.4657534246575342,0.484,0.732,0.388,0.8202247191011236,0.68,0.236,0.108,0.104,0.308,0.552,0.1759818731117824,0.3246644295302013,0.308080808080808,0.3278388278388278,0.328125,0.7062350119904077,0.5878003696857671,0.7062350119904077,0.3159609120521172,0.1300813008130081,0.1287878787878787,0.1759818731117824,0.0464285714285714,0.1493506493506493,0.3316062176165803,0.0222222222222222,0.3318650265957447,0.4642857142857143,0.58,0.44921875,0.364,0.5878003696857671,4.0,7.0,2025-01-06T01:02:18+00:00
allenai/OLMo-2-1124-7B,allenai/OLMo-2-1124-7B,0.3047706117021276,0.4123751459333247,0.4405485158826592,0.768,0.6203208556149733,0.496,0.572,0.564,0.184,0.552,0.4,0.416,0.52,0.624,0.5,0.36,0.3767123287671233,0.4,0.492,0.34,0.6910112359550562,0.516,0.208,0.14,0.104,0.308,0.512,0.0438066465256797,0.2869127516778523,0.2474747474747475,0.3205128205128205,0.2633928571428571,0.237410071942446,0.1238447319778188,0.237410071942446,0.0586319218241042,0.016260162601626,0.0378787878787878,0.0438066465256797,0.0142857142857142,0.0454545454545454,0.1088082901554404,0.0074074074074074,0.3047706117021276,0.3955026455026455,0.536,0.3828125,0.268,0.1238447319778188,4.0,7.0,2025-01-06T19:46:53+00:00
allenai/OLMo-2-1124-7B,allenai/OLMo-2-1124-7B-DPO,0.2939660904255319,0.4167855753015955,0.4476653358791876,0.784,0.6363636363636364,0.452,0.54,0.568,0.152,0.616,0.348,0.332,0.5,0.636,0.608,0.388,0.3835616438356164,0.432,0.504,0.412,0.6404494382022472,0.596,0.14,0.192,0.144,0.316,0.5,0.1027190332326284,0.276006711409396,0.2979797979797979,0.2802197802197802,0.2611607142857143,0.6534772182254197,0.5397412199630314,0.6534772182254197,0.2149837133550488,0.08130081300813,0.0454545454545454,0.1027190332326284,0.0142857142857142,0.0389610389610389,0.2227979274611398,0.0074074074074074,0.2939660904255319,0.4034391534391534,0.516,0.38671875,0.308,0.5397412199630314,4.0,7.0,2025-01-06T01:03:01+00:00
allenai/OLMo-2-1124-7B,allenai/OLMo-2-1124-7B-Instruct,0.2902260638297872,0.4152289531716175,0.4457559451484117,0.78,0.6310160427807486,0.468,0.524,0.576,0.152,0.584,0.368,0.36,0.496,0.652,0.58,0.344,0.3835616438356164,0.424,0.512,0.408,0.651685393258427,0.6,0.128,0.172,0.144,0.348,0.492,0.1125377643504531,0.2793624161073825,0.2878787878787879,0.282051282051282,0.2723214285714285,0.6966426858513189,0.589648798521257,0.6966426858513189,0.250814332247557,0.08130081300813,0.0227272727272727,0.1125377643504531,0.025,0.0649350649350649,0.2124352331606217,0.0074074074074074,0.2902260638297872,0.3968253968253968,0.512,0.375,0.304,0.589648798521257,4.0,7.0,2025-01-06T01:02:35+00:00
allenai/OLMo-2-1124-7B,allenai/OLMo-2-1124-7B-SFT,0.2900598404255319,0.41717473083409,0.4445408783197361,0.8,0.6203208556149733,0.444,0.548,0.556,0.144,0.64,0.352,0.34,0.5,0.616,0.54,0.372,0.3972602739726027,0.436,0.512,0.396,0.6235955056179775,0.588,0.18,0.2,0.136,0.316,0.488,0.059667673716012,0.2835570469798658,0.3131313131313131,0.2802197802197802,0.2745535714285714,0.4796163069544364,0.377079482439926,0.4796163069544364,0.1172638436482084,0.040650406504065,0.0227272727272727,0.059667673716012,0.0178571428571428,0.0324675324675324,0.1191709844559585,0.0148148148148148,0.2900598404255319,0.4193121693121693,0.528,0.41015625,0.32,0.377079482439926,4.0,7.0,2025-01-06T01:03:35+00:00
allenai/Olmo-3-1025-7B,allenai/Olmo-3-1025-7B,0.3397606382978723,0.4601115579193151,0.5044263148758896,0.84,0.5668449197860963,0.544,0.672,0.52,0.244,0.616,0.492,0.496,0.54,0.688,0.64,0.468,0.4931506849315068,0.552,0.4,0.476,0.6966292134831461,0.572,0.52,0.144,0.132,0.344,0.516,0.1246223564954682,0.3003355704697986,0.3181818181818182,0.3131868131868132,0.2767857142857143,0.4412470023980815,0.3068391866913124,0.4412470023980815,0.2442996742671009,0.08130081300813,0.0303030303030303,0.1246223564954682,0.025,0.1233766233766233,0.2487046632124352,0.0148148148148148,0.3397606382978723,0.3743386243386243,0.504,0.33984375,0.28,0.3068391866913124,5.93,7.0,2025-12-03T00:20:55+00:00
allenai/Olmo-3-1125-32B,allenai/Olmo-3-1125-32B,0.4727393617021276,0.552990011674666,0.6137823294566915,0.9,0.6256684491978609,0.632,0.748,0.592,0.516,0.6,0.516,0.548,0.84,0.828,0.636,0.524,0.6095890410958904,0.696,0.836,0.536,0.7359550561797753,0.68,0.956,0.216,0.196,0.316,0.484,0.1638972809667673,0.3481543624161073,0.3737373737373737,0.336996336996337,0.3504464285714285,0.5287769784172662,0.3918669131238447,0.5287769784172662,0.3322475570032573,0.1056910569105691,0.0378787878787878,0.1638972809667673,0.0428571428571428,0.1493506493506493,0.2901554404145077,0.0444444444444444,0.4727393617021276,0.4126984126984127,0.508,0.41015625,0.32,0.3918669131238447,5.5,32.0,2025-12-03T00:26:04+00:00
allenai/Olmo-3-1125-32B,allenai/Olmo-3-32B-Think,0.4513796542553192,0.5261382799325464,0.5736851241103975,0.872,0.6256684491978609,0.56,0.612,0.516,0.48,0.516,0.512,0.432,0.78,0.724,0.684,0.592,0.541095890410959,0.624,0.792,0.52,0.6629213483146067,0.692,0.8,0.236,0.148,0.34,0.532,0.2870090634441087,0.3733221476510067,0.3737373737373737,0.3663003663003663,0.3816964285714285,0.4628297362110312,0.3253234750462107,0.4628297362110312,0.4755700325732899,0.2113821138211382,0.1212121212121212,0.2870090634441087,0.1714285714285714,0.3246753246753247,0.4093264248704663,0.1111111111111111,0.4513796542553192,0.4047619047619047,0.488,0.40234375,0.324,0.3253234750462107,5.5,32.0,2026-01-05T16:23:30+00:00
allenai/Olmo-3-1025-7B,allenai/Olmo-3-7B-Instruct,,,,,,,,,,,,,,,,,,,,,,,,,,,,,,,,,,,,,,,,,,,,,,,,,,5.93,7.0,2026-01-05T16:23:38+00:00
allenai/Olmo-3-1025-7B,allenai/Olmo-3-7B-Instruct-DPO,0.3350232712765957,0.4246984044623167,0.4521784412428398,0.82,0.4919786096256685,0.424,0.412,0.48,0.348,0.644,0.432,0.484,0.548,0.628,0.576,0.108,0.5205479452054794,0.54,0.38,0.344,0.6292134831460674,0.46,0.532,0.184,0.128,0.316,0.512,0.243202416918429,0.3129194630872483,0.3181818181818182,0.3168498168498168,0.3058035714285714,0.0983213429256594,0.0573012939001848,0.0983213429256594,0.4136807817589576,0.1951219512195122,0.1136363636363636,0.243202416918429,0.0928571428571428,0.2337662337662337,0.4196891191709844,0.0962962962962963,0.3350232712765957,0.3915343915343915,0.52,0.33203125,0.324,0.0573012939001848,5.93,7.0,2026-01-05T16:23:36+00:00
allenai/Olmo-3-1025-7B,allenai/Olmo-3-7B-Instruct-SFT,0.324468085106383,0.4293682708522506,0.4504426314875889,0.804,0.5187165775401069,0.456,0.528,0.536,0.32,0.616,0.464,0.46,0.58,0.64,0.572,0.084,0.4863013698630137,0.512,0.392,0.244,0.651685393258427,0.46,0.448,0.188,0.116,0.312,0.512,0.1435045317220543,0.3255033557046979,0.3787878787878788,0.3296703296703296,0.296875,0.0971223021582733,0.0517560073937153,0.0971223021582733,0.2899022801302932,0.065040650406504,0.0681818181818181,0.1435045317220543,0.0464285714285714,0.1103896103896103,0.2487046632124352,0.0444444444444444,0.324468085106383,0.4325396825396825,0.504,0.36328125,0.432,0.0517560073937153,5.93,7.0,2026-01-05T16:23:33+00:00
allenai/Olmo-3-1025-7B,allenai/Olmo-3-7B-RL-Zero-General,0.3419215425531915,0.4582954987676741,0.5011282763409131,0.828,0.5668449197860963,0.548,0.676,0.512,0.22,0.608,0.484,0.492,0.544,0.696,0.64,0.472,0.5068493150684932,0.556,0.412,0.472,0.6853932584269663,0.584,0.512,0.14,0.136,0.336,0.472,0.1495468277945619,0.3020134228187919,0.3383838383838384,0.304029304029304,0.2834821428571428,0.4784172661870504,0.33271719038817,0.4784172661870504,0.2768729641693811,0.089430894308943,0.0454545454545454,0.1495468277945619,0.0392857142857142,0.1363636363636363,0.2953367875647668,0.0518518518518518,0.3419215425531915,0.3783068783068783,0.508,0.33984375,0.288,0.33271719038817,5.93,7.0,2026-01-05T16:23:50+00:00
allenai/Olmo-3-1025-7B,allenai/Olmo-3-7B-RL-Zero-IF,0.3415890957446808,0.4668569204825528,0.5106752299947925,0.832,0.5935828877005348,0.552,0.588,0.512,0.364,0.548,0.492,0.532,0.58,0.716,0.664,0.444,0.4589041095890411,0.596,0.452,0.488,0.6910112359550562,0.612,0.488,0.128,0.1,0.36,0.516,0.1321752265861027,0.3095637583892617,0.3383838383838384,0.315018315018315,0.2901785714285714,0.6294964028776978,0.5157116451016636,0.6294964028776978,0.254071661237785,0.073170731707317,0.0606060606060606,0.1321752265861027,0.0357142857142857,0.1233766233766233,0.2590673575129533,0.0074074074074074,0.3415890957446808,0.3809523809523809,0.524,0.34375,0.276,0.5157116451016636,5.93,7.0,2026-01-05T16:23:41+00:00
allenai/Olmo-3-1025-7B,allenai/Olmo-3-7B-RL-Zero-Math,0.3420046542553192,0.4573874691918537,0.5007811143898628,0.844,0.5614973262032086,0.536,0.66,0.512,0.228,0.616,0.492,0.496,0.54,0.688,0.62,0.464,0.4863013698630137,0.54,0.404,0.468,0.6966292134831461,0.588,0.516,0.144,0.132,0.336,0.516,0.1238670694864048,0.2919463087248322,0.303030303030303,0.3021978021978022,0.2745535714285714,0.4124700239808153,0.2920517560073937,0.4124700239808153,0.2149837133550488,0.065040650406504,0.0454545454545454,0.1238670694864048,0.0428571428571428,0.1038961038961039,0.2642487046632124,0.037037037037037,0.3420046542553192,0.3875661375661375,0.548,0.34765625,0.268,0.2920517560073937,5.93,7.0,2026-01-05T16:23:44+00:00
allenai/Olmo-3-1025-7B,allenai/Olmo-3-7B-Think,,,,,,,,,,,,,,,,,,,,,,,,,,,,,,,,,,,,,,,,,,,,,,,,,,5.93,7.0,2026-01-05T16:25:49+00:00
allenai/Olmo-3-1025-7B,allenai/Olmo-3-7B-Think-DPO,,,,,,,,,,,,,,,,,,,,,,,,,,,,,,,,,,,,,,,,,,,,,,,,,,5.93,7.0,2026-01-05T16:25:48+00:00
allenai/Olmo-3-1025-7B,allenai/Olmo-3-7B-Think-SFT,0.3254654255319149,0.4668569204825528,0.5058149626800903,0.82,0.5989304812834224,0.48,0.564,0.532,0.356,0.592,0.444,0.448,0.656,0.668,0.668,0.492,0.4657534246575342,0.632,0.6,0.492,0.6067415730337079,0.544,0.368,0.152,0.124,0.34,0.532,0.7673716012084593,0.3053691275167785,0.3131313131313131,0.2985347985347985,0.3102678571428571,0.5251798561151079,0.3955637707948244,0.5251798561151079,0.8631921824104235,0.6747967479674797,0.7424242424242424,0.7673716012084593,0.75,0.7987012987012987,0.7357512953367875,0.7037037037037037,0.3254654255319149,0.4246031746031746,0.54,0.3984375,0.336,0.3955637707948244,5.93,7.0,2026-01-05T16:25:46+00:00
allenai/Olmo-3-1125-32B,allenai/Olmo-3.1-32B-Instruct,0.4557845744680851,0.5544169152938124,0.6143030723832668,0.884,0.6203208556149733,0.54,0.64,0.608,0.524,0.676,0.616,0.52,0.94,0.748,0.608,0.54,0.6301369863013698,0.732,0.816,0.536,0.7078651685393258,0.708,0.904,0.244,0.176,0.364,0.496,0.574773413897281,0.3708053691275167,0.3787878787878788,0.3809523809523809,0.3549107142857143,0.7134292565947242,0.589648798521257,0.7134292565947242,0.7719869706840391,0.5121951219512195,0.4318181818181818,0.574773413897281,0.4321428571428571,0.6298701298701299,0.6683937823834197,0.4222222222222222,0.4557845744680851,0.3875661375661375,0.524,0.328125,0.312,0.589648798521257,5.5,32.0,2026-01-05T16:25:12+00:00
allenai/Olmo-3-1125-32B,allenai/Olmo-3.1-32B-Instruct-SFT,,,,,,,,,,,,,,,,,,,,,,,,,,,,,,,,,,,,,,,,,,,,,,,,,,5.5,32.0,2026-01-05T16:25:06+00:00
allenai/Olmo-3-1125-32B,allenai/Olmo-3.1-32B-Think,,,,,,,,,,,,,,,,,,,,,,,,,,,,,,,,,,,,,,,,,,,,,,,,,,5.5,32.0,2026-01-05T16:25:04+00:00
allenai/OLMo-7B,allenai/OLMo-7B,,,,,,,,,,,,,,,,,,,,,,,,,,,,,,,,,,,,,,,,,,,,,,,,,,2.5,7.0,2025-10-09T19:01:29+00:00
allenai/OLMo-7B-0424-hf,allenai/OLMo-7B-0424-hf,0.1971409574468085,0.3617849267090414,0.3813574032286061,0.808,0.5614973262032086,0.284,0.524,0.524,0.316,0.524,0.252,0.176,0.38,0.46,0.42,0.388,0.3150684931506849,0.312,0.236,0.236,0.5112359550561798,0.756,0.068,0.172,0.12,0.324,0.54,0.0188821752265861,0.2567114093959731,0.2626262626262626,0.2838827838827839,0.2209821428571428,0.2529976019184652,0.1423290203327172,0.2529976019184652,0.0293159609120521,0.024390243902439,0.0,0.0188821752265861,0.0178571428571428,0.0194805194805194,0.0207253886010362,0.0074074074074074,0.1971409574468085,0.3783068783068783,0.52,0.3125,0.304,0.1423290203327172,2.05,7.0,2024-07-16T18:00:50+00:00
allenai/OLMo-7B-0724-hf,allenai/OLMo-7B-0724-Instruct-hf,0.2128490691489361,0.3707355039564146,0.3804894983509807,0.692,0.6042780748663101,0.3,0.648,0.472,0.26,0.516,0.268,0.24,0.392,0.352,0.56,0.392,0.3219178082191781,0.224,0.236,0.264,0.6235955056179775,0.696,0.044,0.164,0.128,0.304,0.532,0.0143504531722054,0.285234899328859,0.2979797979797979,0.2838827838827839,0.28125,0.422062350119904,0.2902033271719039,0.422062350119904,0.0325732899022801,0.008130081300813,0.0151515151515151,0.0143504531722054,0.0142857142857142,0.0,0.0103626943005181,0.0,0.2128490691489361,0.4312169312169312,0.604,0.30859375,0.384,0.2902033271719039,2.75,7.0,2024-09-24T16:53:26+00:00
allenai/OLMo-7B,allenai/OLMo-7B-hf,0.1176861702127659,0.3193669736671423,0.3265058149626801,0.66,0.5508021390374331,0.176,0.304,0.468,0.1,0.492,0.232,0.18,0.356,0.324,0.476,0.34,0.2123287671232876,0.132,0.212,0.224,0.5393258426966292,0.5,0.26,0.196,0.144,0.34,0.488,0.0090634441087613,0.261744966442953,0.2373737373737373,0.2655677655677655,0.2678571428571428,0.2314148681055156,0.1090573012939001,0.2314148681055156,0.009771986970684,0.0,0.0,0.0090634441087613,0.0035714285714285,0.0259740259740259,0.0207253886010362,0.0,0.1176861702127659,0.3558201058201058,0.496,0.25390625,0.32,0.1090573012939001,2.5,7.0,2024-07-16T18:01:37+00:00
allenai/OlmoEarth-v1-Base,allenai/OlmoEarth-v1-Base,,,,,,,,,,,,,,,,,,,,,,,,,,,,,,,,,,,,,,,,,,,,,,,,,,,,2025-11-04T05:52:11+00:00
meta-llama/Llama-2-7b-hf,allenai/tulu-2-7b,0.2121010638297872,0.3951225839927357,0.4157264363825724,0.716,0.5721925133689839,0.468,0.452,0.512,0.316,0.576,0.296,0.248,0.432,0.736,0.424,0.368,0.3219178082191781,0.344,0.352,0.36,0.601123595505618,0.676,0.076,0.204,0.14,0.352,0.488,0.0173716012084592,0.2667785234899328,0.2474747474747475,0.2765567765567766,0.2633928571428571,0.276978417266187,0.155268022181146,0.276978417266187,0.0260586319218241,0.016260162601626,0.0227272727272727,0.0173716012084592,0.0107142857142857,0.0064935064935064,0.0155440414507772,0.0222222222222222,0.2121010638297872,0.4404761904761904,0.564,0.3359375,0.424,0.155268022181146,2.0,7.0,2024-04-30T18:45:02+00:00
meta-llama/Llama-2-13b-hf,allenai/tulu-2-dpo-13b,,,,,,,,,,,,,,,,,,,,,,,,,,,,,,,,,,,,,,,,,,,,,,,,,,2.0,13.0,2024-05-17T03:26:53+00:00
meta-llama/Llama-2-70b-hf,allenai/tulu-2-dpo-70b,,,,,,,,,,,,,,,,,,,,,,,,,,,,,,,,,,,,,,,,,,,,,,,,,,2.0,70.0,2024-01-31T18:54:37+00:00
meta-llama/Llama-2-7b-hf,allenai/tulu-2-dpo-7b,0.2180851063829787,0.3983655467635231,0.4218017705259503,0.732,0.5828877005347594,0.456,0.476,0.484,0.34,0.62,0.3,0.232,0.428,0.724,0.4,0.368,0.3972602739726027,0.304,0.368,0.336,0.6235955056179775,0.74,0.108,0.192,0.14,0.368,0.492,0.0120845921450151,0.2567114093959731,0.2727272727272727,0.2600732600732601,0.2455357142857142,0.381294964028777,0.2624768946395563,0.381294964028777,0.013029315960912,0.008130081300813,0.0075757575757575,0.0120845921450151,0.0107142857142857,0.0129870129870129,0.0207253886010362,0.0074074074074074,0.2180851063829787,0.4431216931216931,0.528,0.3359375,0.468,0.2624768946395563,2.0,7.0,2024-05-14T03:06:00+00:00
Qwen/Qwen3-14B-Base,NousResearch/Hermes-4-14B,0.5662400265957447,0.5852899208717084,0.641902447491755,0.908,0.5882352941176471,0.768,0.716,0.748,0.528,0.644,0.624,0.56,0.896,0.692,0.76,0.456,0.6986301369863014,0.872,0.8,0.628,0.6404494382022472,0.716,0.808,0.228,0.216,0.32,0.6,0.3746223564954682,0.3959731543624161,0.3787878787878788,0.3864468864468864,0.4151785714285714,0.6031175059952039,0.4787430683918669,0.6031175059952039,0.6188925081433225,0.3170731707317073,0.2424242424242424,0.3746223564954682,0.1464285714285714,0.3896103896103896,0.6217616580310881,0.1037037037037037,0.5662400265957447,0.4523809523809524,0.508,0.43359375,0.416,0.4787430683918669,36.0,14.0,2025-09-03T22:14:55+00:00
Qwen/Qwen3-14B-Base,NousResearch/Hermes-4-14B-FP8,,,,,,,,,,,,,,,,,,,,,,,,,,,,,,,,,,,,,,,,,,,,,,,,,,36.0,14.0,2025-09-03T22:16:56+00:00
meta-llama/Llama-3.1-70B,NousResearch/Hermes-4-70B,,,,,,,,,,,,,,,,,,,,,,,,,,,,,,,,,,,,,,,,,,,,,,,,,,15.0,70.0,2025-09-02T06:40:36+00:00
meta-llama/Llama-3.1-70B,NousResearch/Hermes-4-70B-FP8,,,,,,,,,,,,,,,,,,,,,,,,,,,,,,,,,,,,,,,,,,,,,,,,,,15.0,70.0,2025-09-12T01:44:27+00:00
ByteDance-Seed/Seed-OSS-36B-Base,NousResearch/Hermes-4.3-36B,,,,,,,,,,,,,,,,,,,,,,,,,,,,,,,,,,,,,,,,,,,,,,,,,,12.0,36.0,2025-12-06T15:04:17+00:00
meta-llama/Llama-3.1-70B,nvidia/Llama-3_3-Nemotron-Super-49B-v1,,,,,,,,,,,,,,,,,,,,,,,,,,,,,,,,,,,,,,,,,,,,,,,,,,15.0,70.0,2025-10-15T16:20:57+00:00
meta-llama/Llama-3.1-70B,nvidia/Llama-3_3-Nemotron-Super-49B-v1_5,,,,,,,,,,,,,,,,,,,,,,,,,,,,,,,,,,,,,,,,,,,,,,,,,,15.0,70.0,2025-10-15T16:21:38+00:00
Qwen/Qwen3-14B-Base,nvidia/Nemotron-Cascade-14B-Thinking,0.4469747340425531,0.4798287715657024,0.5143204304808193,0.784,0.6363636363636364,0.536,0.476,0.696,0.196,0.436,0.536,0.576,0.672,0.504,0.68,0.412,0.5068493150684932,0.604,0.6,0.496,0.4719101123595505,0.608,0.676,0.192,0.168,0.352,0.544,0.9259818731117824,0.3582214765100671,0.3383838383838384,0.358974358974359,0.3660714285714285,0.4880095923261391,0.3438077634011091,0.4880095923261391,0.9511400651465798,0.951219512195122,0.8939393939393939,0.9259818731117824,0.9035714285714286,0.9675324675324676,0.927461139896373,0.8740740740740741,0.4469747340425531,0.4087301587301587,0.54,0.2578125,0.432,0.3438077634011091,36.0,14.0,2026-01-01T01:24:38+00:00
Qwen/Qwen3-8B-Base,nvidia/Nemotron-Cascade-8B,0.4271941489361702,0.552990011674666,0.5950355840999827,0.848,0.6096256684491979,0.648,0.548,0.684,0.456,0.732,0.612,0.596,0.86,0.836,0.7,0.412,0.5821917808219178,0.744,0.676,0.616,0.6235955056179775,0.644,0.608,0.196,0.212,0.312,0.532,0.8330815709969789,0.3976510067114094,0.3787878787878788,0.4102564102564102,0.390625,0.7074340527577938,0.6229205175600739,0.7074340527577938,0.8957654723127035,0.7967479674796748,0.7348484848484849,0.8330815709969789,0.825,0.8831168831168831,0.8290155440414507,0.7851851851851852,0.4271941489361702,0.4775132275132275,0.536,0.39453125,0.504,0.6229205175600739,36.0,8.0,2026-01-01T01:26:21+00:00
Qwen/Qwen3-8B-Base,nvidia/Nemotron-Cascade-8B-Thinking,0.4410738031914893,0.5584381891295888,0.5986807845860094,0.812,0.6042780748663101,0.624,0.624,0.672,0.54,0.744,0.608,0.588,0.84,0.768,0.72,0.46,0.5958904109589042,0.724,0.744,0.6,0.6348314606741573,0.64,0.548,0.192,0.212,0.34,0.544,0.8874622356495468,0.4068791946308724,0.3787878787878788,0.4157509157509158,0.4084821428571428,0.5227817745803357,0.3844731977818854,0.5227817745803357,0.9250814332247556,0.926829268292683,0.8106060606060606,0.8874622356495468,0.8821428571428571,0.9090909090909092,0.8911917098445595,0.8222222222222222,0.4410738031914893,0.4907407407407407,0.552,0.40234375,0.52,0.3844731977818854,36.0,8.0,2026-01-01T01:26:44+00:00
nvidia/NVIDIA-Nemotron-Nano-12B-v2-Base,nvidia/NVIDIA-Nemotron-Nano-12B-v2,,,,,,,,,,,,,,,,,,,,,,,,,,,,,,,,,,,,,,,,,,,,,,,,,,20.0,12.0,2025-11-25T00:50:59+00:00
nvidia/NVIDIA-Nemotron-Nano-12B-v2-Base,nvidia/NVIDIA-Nemotron-Nano-12B-v2-Base,,,,,,,,,,,,,,,,,,,,,,,,,,,,,,,,,,,,,,,,,,,,,,,,,,20.0,12.0,2025-11-04T20:55:27+00:00
nvidia/NVIDIA-Nemotron-Nano-9B-v2-Base,nvidia/NVIDIA-Nemotron-Nano-9B-v2,,,,,,,,,,,,,,,,,,,,,,,,,,,,,,,,,,,,,,,,,,,,,,,,,,20.0,9.0,2026-01-08T19:22:31+00:00
nvidia/NVIDIA-Nemotron-Nano-9B-v2-Base,nvidia/NVIDIA-Nemotron-Nano-9B-v2-Base,,,,,,,,,,,,,,,,,,,,,,,,,,,,,,,,,,,,,,,,,,,,,,,,,,20.0,9.0,2025-11-04T20:55:11+00:00
nvidia/NVIDIA-Nemotron-Nano-9B-v2-Base,nvidia/NVIDIA-Nemotron-Nano-9B-v2-FP8,,,,,,,,,,,,,,,,,,,,,,,,,,,,,,,,,,,,,,,,,,,,,,,,,,20.0,9.0,2026-01-08T19:23:12+00:00
nvidia/NVIDIA-Nemotron-Nano-9B-v2-Base,nvidia/NVIDIA-Nemotron-Nano-9B-v2-NVFP4,,,,,,,,,,,,,,,,,,,,,,,,,,,,,,,,,,,,,,,,,,,,,,,,,,20.0,9.0,2026-01-08T19:23:43+00:00
Qwen/Qwen2.5-32B,open-thoughts/OpenThinker-32B,0.57421875,0.6349721105201712,0.7005728172192328,0.92,0.6631016042780749,0.764,0.74,0.788,0.544,0.82,0.644,0.648,0.92,0.748,0.784,0.524,0.8013698630136986,0.872,0.84,0.72,0.8651685393258427,0.808,0.976,0.256,0.24,0.372,0.636,0.5022658610271903,0.4035234899328859,0.404040404040404,0.4010989010989011,0.40625,0.63189448441247,0.5083179297597042,0.63189448441247,0.752442996742671,0.5203252032520326,0.2575757575757575,0.5022658610271903,0.225,0.6493506493506493,0.7409326424870466,0.2222222222222222,0.57421875,0.5,0.644,0.390625,0.468,0.5083179297597042,18.0,32.0,2025-06-05T16:22:55+00:00
Qwen/Qwen2.5-7B,open-thoughts/OpenThinker-7B,0.4368351063829787,0.4946166818004929,0.5372331192501302,0.76,0.6256684491978609,0.524,0.616,0.636,0.484,0.596,0.48,0.468,0.672,0.644,0.644,0.392,0.5547945205479452,0.576,0.736,0.544,0.6910112359550562,0.716,0.512,0.168,0.168,0.28,0.48,0.391238670694864,0.3296979865771812,0.3484848484848485,0.3131868131868132,0.3415178571428571,0.4880095923261391,0.3512014787430684,0.4880095923261391,0.6319218241042345,0.3821138211382114,0.2121212121212121,0.391238670694864,0.125,0.4805194805194805,0.6113989637305699,0.1629629629629629,0.4368351063829787,0.4298941798941799,0.556,0.36328125,0.372,0.3512014787430684,18.0,7.0,2025-06-05T16:18:51+00:00
Qwen/Qwen3-8B-Base,open-thoughts/OpenThinker-Agent-v1,0.4632646276595745,0.5296406797249967,0.5785453914250999,0.872,0.5775401069518716,0.636,0.604,0.604,0.508,0.656,0.564,0.6,0.736,0.74,0.664,0.4,0.589041095890411,0.664,0.68,0.548,0.6573033707865169,0.708,0.724,0.244,0.168,0.276,0.492,0.4758308157099697,0.3431208053691275,0.3636363636363636,0.336996336996337,0.3415178571428571,0.4700239808153477,0.3308687615526802,0.4700239808153477,0.762214983713355,0.4471544715447154,0.2803030303030303,0.4758308157099697,0.175,0.6038961038961039,0.6683937823834197,0.2444444444444444,0.4632646276595745,0.451058201058201,0.484,0.32421875,0.548,0.3308687615526802,36.0,8.0,2025-12-06T18:15:07+00:00
Qwen/Qwen3-8B-Base,open-thoughts/OpenThinker-Agent-v1-SFT,0.4644281914893617,0.5305487093008172,0.5797604582537754,0.876,0.5721925133689839,0.64,0.604,0.612,0.508,0.66,0.56,0.592,0.736,0.756,0.672,0.396,0.5753424657534246,0.676,0.676,0.548,0.6179775280898876,0.708,0.724,0.248,0.168,0.3,0.496,0.4539274924471299,0.3389261744966443,0.3636363636363636,0.3315018315018315,0.3370535714285714,0.4808153477218225,0.3290203327171904,0.4808153477218225,0.742671009771987,0.3658536585365853,0.3181818181818182,0.4539274924471299,0.1535714285714285,0.5324675324675324,0.6839378238341969,0.2148148148148148,0.4644281914893617,0.4576719576719577,0.492,0.3359375,0.548,0.3290203327171904,36.0,8.0,2025-12-06T18:12:55+00:00
Qwen/Qwen2.5-32B,open-thoughts/OpenThinker2-32B,0.1826795212765957,0.3140485147230509,0.3058496788751952,0.556,0.5187165775401069,0.216,0.3,0.468,0.084,0.516,0.288,0.22,0.404,0.252,0.42,0.244,0.2260273972602739,0.204,0.236,0.144,0.5,0.464,0.06,0.14,0.132,0.288,0.536,0.0362537764350453,0.2609060402684564,0.2323232323232323,0.2472527472527472,0.2901785714285714,0.290167865707434,0.1756007393715342,0.290167865707434,0.0651465798045602,0.024390243902439,0.0151515151515151,0.0362537764350453,0.0142857142857142,0.0064935064935064,0.0880829015544041,0.0074074074074074,0.1826795212765957,0.4603174603174603,0.516,0.33984375,0.528,0.1756007393715342,18.0,32.0,2025-06-05T16:24:59+00:00
Qwen/Qwen2.5-7B,open-thoughts/OpenThinker2-7B,0.1772772606382978,0.4031651316642884,0.4249262280854018,0.612,0.5828877005347594,0.488,0.368,0.54,0.084,0.476,0.4,0.408,0.672,0.544,0.588,0.428,0.3561643835616438,0.432,0.52,0.492,0.5393258426966292,0.464,0.076,0.164,0.168,0.332,0.508,0.0543806646525679,0.287751677852349,0.2878787878787879,0.315018315018315,0.2544642857142857,0.3860911270983213,0.2476894639556377,0.3860911270983213,0.0879478827361563,0.016260162601626,0.0151515151515151,0.0543806646525679,0.0142857142857142,0.0584415584415584,0.1347150259067357,0.0148148148148148,0.1772772606382978,0.4193121693121693,0.54,0.35546875,0.364,0.2476894639556377,18.0,7.0,2025-06-05T16:21:37+00:00
Qwen/Qwen2.5-1.5B,open-thoughts/OpenThinker3-1.5B,0.1145279255319148,0.3080814632248022,0.3077590696059711,0.632,0.5187165775401069,0.204,0.312,0.468,0.196,0.516,0.228,0.136,0.356,0.268,0.42,0.072,0.2123287671232876,0.12,0.228,0.136,0.4662921348314606,0.46,0.272,0.212,0.172,0.328,0.512,0.0,0.2458053691275167,0.2171717171717171,0.2692307692307692,0.2299107142857142,0.1762589928057553,0.0905730129390018,0.1762589928057553,0.0,0.0,0.0,0.0,0.0,0.0,0.0,0.0,0.1145279255319148,0.4087301587301587,0.504,0.28515625,0.44,0.0905730129390018,18.0,1.5,2025-07-11T00:46:28+00:00
Qwen/Qwen2.5-7B,open-thoughts/OpenThinker3-7B,0.2211602393617021,0.3643792969256713,0.3785801076202048,0.54,0.5614973262032086,0.5,0.512,0.564,0.084,0.5,0.376,0.264,0.6,0.32,0.632,0.34,0.3013698630136986,0.4,0.22,0.18,0.5280898876404494,0.46,0.128,0.208,0.104,0.316,0.504,0.0128398791540785,0.2634228187919463,0.2878787878787879,0.2564102564102564,0.2611607142857143,0.2793764988009592,0.166358595194085,0.2793764988009592,0.022801302931596,0.016260162601626,0.0075757575757575,0.0128398791540785,0.0107142857142857,0.0,0.0155440414507772,0.0074074074074074,0.2211602393617021,0.4153439153439153,0.512,0.3515625,0.384,0.166358595194085,18.0,7.0,2025-06-09T16:13:39+00:00
zhenting/evolm-0.5B-10BT,zhenting/evolm-0.5B-10BT,0.1137799202127659,0.2990011674665975,0.2978649540010414,0.46,0.481283422459893,0.2,0.312,0.464,0.104,0.516,0.192,0.148,0.304,0.276,0.58,0.0,0.2054794520547945,0.12,0.288,0.12,0.5674157303370787,0.46,0.284,0.2,0.144,0.32,0.488,0.0045317220543806,0.2583892617449664,0.2575757575757575,0.2692307692307692,0.2455357142857142,0.1594724220623501,0.0757855822550831,0.1594724220623501,0.009771986970684,0.0,0.0,0.0045317220543806,0.0,0.0064935064935064,0.0103626943005181,0.0,0.1137799202127659,0.3716931216931217,0.488,0.26171875,0.368,0.0757855822550831,0.01,0.5,2025-03-16T01:05:10+00:00
zhenting/evolm-0.5B-160BT,zhenting/evolm-0.5B-160BT,0.1119514627659574,0.3022441302373849,0.2924839437597639,0.48,0.5187165775401069,0.172,0.32,0.528,0.084,0.516,0.204,0.136,0.34,0.288,0.42,0.0,0.2054794520547945,0.12,0.204,0.224,0.4775280898876404,0.46,0.28,0.172,0.124,0.332,0.488,0.0060422960725075,0.2600671140939597,0.2525252525252525,0.2747252747252747,0.2455357142857142,0.1774580335731415,0.0831792975970425,0.1774580335731415,0.013029315960912,0.0,0.0,0.0060422960725075,0.0035714285714285,0.0064935064935064,0.005181347150259,0.0074074074074074,0.1119514627659574,0.4431216931216931,0.512,0.25,0.572,0.0831792975970425,0.16,0.5,2025-03-26T00:11:11+00:00
zhenting/evolm-0.5B-20BT,zhenting/evolm-0.5B-20BT,0.1134474734042553,0.2927746789466857,0.288491581322687,0.46,0.5187165775401069,0.2,0.312,0.468,0.044,0.516,0.2,0.14,0.304,0.276,0.42,0.0,0.2054794520547945,0.172,0.228,0.124,0.5280898876404494,0.46,0.284,0.188,0.144,0.336,0.488,0.0052870090634441,0.2609060402684564,0.2575757575757575,0.2728937728937728,0.2477678571428571,0.1474820143884892,0.0757855822550831,0.1474820143884892,0.006514657980456,0.016260162601626,0.0,0.0052870090634441,0.0035714285714285,0.0,0.005181347150259,0.0074074074074074,0.1134474734042553,0.3756613756613756,0.548,0.2578125,0.324,0.0757855822550831,0.02,0.5,2025-03-16T01:04:52+00:00
zhenting/evolm-0.5B-320BT,zhenting/evolm-0.5B-320BT,0.1144448138297872,0.2953690491633156,0.2928311057108141,0.536,0.5187165775401069,0.2,0.312,0.532,0.084,0.516,0.188,0.152,0.344,0.252,0.42,0.0,0.2123287671232876,0.172,0.18,0.116,0.5337078651685393,0.472,0.26,0.18,0.152,0.3,0.488,0.0090634441087613,0.2508389261744966,0.2121212121212121,0.2673992673992674,0.2477678571428571,0.1690647482014388,0.0739371534195933,0.1690647482014388,0.009771986970684,0.0,0.0151515151515151,0.0090634441087613,0.0035714285714285,0.0324675324675324,0.005181347150259,0.0,0.1144448138297872,0.3849206349206349,0.496,0.234375,0.428,0.0739371534195933,0.32,0.5,2025-04-10T12:57:49+00:00
zhenting/evolm-0.5B-40BT,zhenting/evolm-0.5B-40BT,0.1131981382978723,0.3104163964197691,0.3119250130185731,0.496,0.5187165775401069,0.2,0.42,0.464,0.104,0.516,0.2,0.152,0.332,0.256,0.564,0.024,0.2123287671232876,0.172,0.228,0.224,0.5449438202247191,0.46,0.268,0.212,0.144,0.344,0.508,0.0075528700906344,0.2558724832214765,0.2626262626262626,0.2655677655677655,0.2410714285714285,0.1522781774580335,0.0628465804066543,0.1522781774580335,0.006514657980456,0.0,0.0075757575757575,0.0075528700906344,0.0071428571428571,0.0259740259740259,0.005181347150259,0.0,0.1131981382978723,0.3849206349206349,0.476,0.24609375,0.436,0.0628465804066543,0.04,0.5,2025-03-16T01:01:12+00:00
zhenting/evolm-0.5B-80BT,zhenting/evolm-0.5B-80BT,0.1156083776595744,0.2947204566091581,0.2963027252213157,0.504,0.5187165775401069,0.164,0.296,0.504,0.084,0.516,0.204,0.14,0.336,0.244,0.42,0.0,0.2260273972602739,0.172,0.284,0.096,0.5,0.548,0.292,0.184,0.16,0.316,0.488,0.0083081570996978,0.259228187919463,0.2575757575757575,0.2509157509157509,0.2700892857142857,0.1690647482014388,0.0813308687615526,0.1690647482014388,0.01628664495114,0.008130081300813,0.0,0.0083081570996978,0.0035714285714285,0.0194805194805194,0.005181347150259,0.0,0.1156083776595744,0.3386243386243386,0.476,0.234375,0.308,0.0813308687615526,0.08,0.5,2025-03-19T08:10:31+00:00
zhenting/evolm-1B-160BT,zhenting/evolm-1B-160BT,0.1161070478723404,0.3023738487482164,0.2961291442457907,0.548,0.5187165775401069,0.2,0.32,0.532,0.068,0.488,0.192,0.148,0.32,0.22,0.42,0.0,0.2054794520547945,0.16,0.288,0.144,0.5617977528089888,0.46,0.284,0.18,0.144,0.316,0.484,0.0052870090634441,0.259228187919463,0.2626262626262626,0.2728937728937728,0.2410714285714285,0.1798561151079136,0.0905730129390018,0.1798561151079136,0.0,0.016260162601626,0.0,0.0052870090634441,0.0107142857142857,0.0064935064935064,0.005181347150259,0.0,0.1161070478723404,0.4179894179894179,0.476,0.25390625,0.528,0.0905730129390018,0.16,1.0,2024-12-22T06:17:37+00:00
zhenting/evolm-1B-160BT,zhenting/evolm-1B-160BT-cpt-FM10BT,0.1163563829787234,0.3152159813205344,0.320083318868252,0.54,0.4866310160427807,0.188,0.312,0.528,0.296,0.572,0.196,0.144,0.312,0.288,0.58,0.136,0.2054794520547945,0.136,0.284,0.156,0.4606741573033708,0.46,0.284,0.2,0.156,0.32,0.476,0.0143504531722054,0.2558724832214765,0.2525252525252525,0.2490842490842491,0.265625,0.1882494004796163,0.099815157116451,0.1882494004796163,0.009771986970684,0.016260162601626,0.0075757575757575,0.0143504531722054,0.0142857142857142,0.0389610389610389,0.0103626943005181,0.0074074074074074,0.1163563829787234,0.3716931216931217,0.496,0.21484375,0.408,0.099815157116451,0.16,1.0,2025-02-14T21:38:45+00:00
zhenting/evolm-1B-160BT,zhenting/evolm-1B-160BT-cpt-FM20BT,0.1114527925531914,0.3074328706706447,0.3110571081409477,0.544,0.481283422459893,0.176,0.312,0.532,0.296,0.5,0.22,0.148,0.316,0.256,0.52,0.14,0.1917808219178082,0.16,0.252,0.14,0.5056179775280899,0.46,0.204,0.2,0.136,0.344,0.48,0.0098187311178247,0.2449664429530201,0.2323232323232323,0.2197802197802197,0.28125,0.1942446043165467,0.099815157116451,0.1942446043165467,0.022801302931596,0.016260162601626,0.0075757575757575,0.0098187311178247,0.0035714285714285,0.0064935064935064,0.005181347150259,0.0,0.1114527925531914,0.3783068783068783,0.496,0.203125,0.44,0.099815157116451,0.16,1.0,2025-02-14T21:41:41+00:00
zhenting/evolm-1B-160BT,zhenting/evolm-1B-160BT-cpt-FM30BT,0.1112034574468085,0.3034115968348683,0.3065440027772956,0.544,0.481283422459893,0.192,0.3,0.512,0.096,0.54,0.244,0.136,0.348,0.204,0.58,0.116,0.2054794520547945,0.148,0.276,0.216,0.4606741573033708,0.46,0.2,0.204,0.132,0.324,0.484,0.0083081570996978,0.2416107382550335,0.2121212121212121,0.2234432234432234,0.2767857142857143,0.2074340527577937,0.1016635859519408,0.2074340527577937,0.009771986970684,0.008130081300813,0.0075757575757575,0.0083081570996978,0.0071428571428571,0.0,0.0207253886010362,0.0,0.1112034574468085,0.376984126984127,0.476,0.21875,0.44,0.1016635859519408,0.16,1.0,2025-02-14T21:44:24+00:00
zhenting/evolm-1B-160BT,zhenting/evolm-1B-160BT-cpt-FM40BT,0.1082945478723404,0.2935529900116747,0.2933518486373893,0.668,0.5026737967914439,0.156,0.312,0.532,0.044,0.484,0.208,0.124,0.32,0.216,0.428,0.036,0.2054794520547945,0.108,0.224,0.228,0.4775280898876404,0.46,0.22,0.192,0.144,0.332,0.488,0.0135951661631419,0.2441275167785234,0.2626262626262626,0.2619047619047619,0.2142857142857142,0.2098321342925659,0.1090573012939001,0.2098321342925659,0.0260586319218241,0.0,0.0075757575757575,0.0135951661631419,0.0035714285714285,0.0259740259740259,0.0103626943005181,0.0148148148148148,0.1082945478723404,0.373015873015873,0.508,0.23046875,0.384,0.1090573012939001,0.16,1.0,2025-02-27T18:54:39+00:00
zhenting/evolm-1B-160BT,zhenting/evolm-1B-160BT-cpt-FM50BT,0.1136136968085106,0.3028927227915423,0.3055025169241451,0.54,0.46524064171123,0.192,0.288,0.532,0.096,0.508,0.196,0.148,0.344,0.24,0.58,0.052,0.2328767123287671,0.124,0.28,0.228,0.4887640449438202,0.46,0.252,0.192,0.128,0.36,0.468,0.0166163141993957,0.2466442953020134,0.2272727272727272,0.2545787545787545,0.2455357142857142,0.1990407673860911,0.1035120147874306,0.1990407673860911,0.019543973941368,0.016260162601626,0.0,0.0166163141993957,0.0142857142857142,0.0259740259740259,0.0259067357512953,0.0074074074074074,0.1136136968085106,0.3716931216931217,0.488,0.24609375,0.384,0.1035120147874306,0.16,1.0,2025-02-06T00:22:53+00:00
zhenting/evolm-1B-160BT,zhenting/evolm-1B-160BT-cpt-MixedFW1_6FM48_4,,,,,,,,,,,,,,,,,,,,,,,,,,,,,,,,,,,,,,,,,,,,,,,,,,0.16,1.0,2025-03-31T02:28:28+00:00
zhenting/evolm-1B-160BT,zhenting/evolm-1B-160BT-cpt-MixedFW16FM34,0.1097074468085106,0.3063951225839927,0.3089741364346468,0.544,0.4759358288770053,0.156,0.312,0.492,0.228,0.492,0.228,0.152,0.316,0.24,0.58,0.076,0.2260273972602739,0.136,0.284,0.2,0.4269662921348314,0.46,0.204,0.204,0.144,0.396,0.484,0.0113293051359516,0.2441275167785234,0.2575757575757575,0.2509157509157509,0.2299107142857142,0.1858513189448441,0.0924214417744916,0.1858513189448441,0.022801302931596,0.0,0.0075757575757575,0.0113293051359516,0.0142857142857142,0.0064935064935064,0.0103626943005181,0.0,0.1097074468085106,0.3849206349206349,0.488,0.21484375,0.456,0.0924214417744916,0.16,1.0,2025-04-02T13:50:49+00:00
zhenting/evolm-1B-160BT,zhenting/evolm-1B-160BT-cpt-MixedFW8FM12,0.1107878989361702,0.311973018549747,0.3112306891164728,0.548,0.5080213903743316,0.184,0.312,0.46,0.212,0.52,0.224,0.148,0.344,0.224,0.576,0.128,0.2054794520547945,0.152,0.184,0.192,0.5056179775280899,0.46,0.236,0.204,0.14,0.392,0.472,0.0098187311178247,0.2659395973154362,0.2575757575757575,0.2692307692307692,0.265625,0.1798561151079136,0.0905730129390018,0.1798561151079136,0.013029315960912,0.016260162601626,0.0075757575757575,0.0098187311178247,0.0071428571428571,0.0064935064935064,0.0155440414507772,0.0,0.1107878989361702,0.3902116402116402,0.488,0.234375,0.452,0.0905730129390018,0.16,1.0,2025-04-24T19:23:05+00:00
zhenting/evolm-1B-160BT,zhenting/evolm-1B-160BT-cpt-MixedFW8FM2,0.1144448138297872,0.3044493449215203,0.2999479257073424,0.54,0.5133689839572193,0.176,0.312,0.532,0.0,0.528,0.228,0.156,0.344,0.288,0.484,0.0,0.2054794520547945,0.148,0.292,0.164,0.550561797752809,0.46,0.276,0.18,0.124,0.312,0.472,0.0098187311178247,0.2684563758389262,0.2626262626262626,0.282051282051282,0.2544642857142857,0.1762589928057553,0.0924214417744916,0.1762589928057553,0.006514657980456,0.0,0.0,0.0098187311178247,0.0178571428571428,0.0194805194805194,0.0103626943005181,0.0074074074074074,0.1144448138297872,0.3955026455026455,0.492,0.2421875,0.456,0.0924214417744916,0.16,1.0,2025-04-24T19:19:45+00:00
zhenting/evolm-1B-160BT,zhenting/evolm-1B-160BT-cpt-MixedFW8FM22,0.112283909574468,0.311713581528084,0.3148758896024995,0.544,0.4866310160427807,0.18,0.3,0.532,0.212,0.484,0.216,0.156,0.344,0.244,0.564,0.148,0.1986301369863013,0.164,0.284,0.216,0.4606741573033708,0.46,0.248,0.204,0.144,0.316,0.488,0.0181268882175226,0.2634228187919463,0.2474747474747475,0.293040293040293,0.234375,0.2014388489208633,0.099815157116451,0.2014388489208633,0.009771986970684,0.016260162601626,0.0227272727272727,0.0181268882175226,0.0178571428571428,0.0324675324675324,0.0207253886010362,0.0148148148148148,0.112283909574468,0.3637566137566138,0.488,0.2109375,0.396,0.099815157116451,0.16,1.0,2025-04-24T19:29:15+00:00
zhenting/evolm-1B-160BT,zhenting/evolm-1B-160BT-cpt-MixedFW8FM32,0.1075465425531914,0.3015955376832274,0.3049817739975698,0.548,0.4545454545454545,0.192,0.312,0.468,0.12,0.484,0.224,0.144,0.356,0.22,0.58,0.12,0.1917808219178082,0.156,0.2,0.208,0.5280898876404494,0.46,0.268,0.216,0.124,0.316,0.484,0.0083081570996978,0.2382550335570469,0.2828282828282828,0.2326007326007326,0.2254464285714285,0.2098321342925659,0.1035120147874306,0.2098321342925659,0.013029315960912,0.0,0.0,0.0083081570996978,0.0035714285714285,0.0194805194805194,0.0,0.0222222222222222,0.1075465425531914,0.3756613756613756,0.488,0.21484375,0.428,0.1035120147874306,0.16,1.0,2025-04-24T19:31:42+00:00
zhenting/evolm-1B-160BT,zhenting/evolm-1B-160BT-cpt-MixedFW8FM42,0.1092918882978723,0.3028927227915423,0.3048081930220447,0.604,0.4866310160427807,0.188,0.312,0.528,0.036,0.484,0.232,0.124,0.36,0.224,0.58,0.124,0.1986301369863013,0.156,0.284,0.18,0.4606741573033708,0.46,0.2,0.204,0.128,0.328,0.48,0.0105740181268882,0.2466442953020134,0.2272727272727272,0.2637362637362637,0.234375,0.1906474820143885,0.099815157116451,0.1906474820143885,0.0260586319218241,0.0,0.0,0.0105740181268882,0.0107142857142857,0.0064935064935064,0.005181347150259,0.0074074074074074,0.1092918882978723,0.376984126984127,0.472,0.234375,0.428,0.099815157116451,0.16,1.0,2025-04-02T13:37:30+00:00
zhenting/evolm-1B-160BT,zhenting/evolm-1B-160BT-sftep1-sampled500k_first100k_qwen7b,,,,,,,,,,,,,,,,,,,,,,,,,,,,,,,,,,,,,,,,,,,,,,,,,,0.16,1.0,2025-05-02T01:40:22+00:00
zhenting/evolm-1B-160BT,zhenting/evolm-1B-160BT-sftep1-sampled500k_first200k_qwen7b,,,,,,,,,,,,,,,,,,,,,,,,,,,,,,,,,,,,,,,,,,,,,,,,,,0.16,1.0,
zhenting/evolm-1B-160BT,zhenting/evolm-1B-160BT-sftep1-sampled500k_first300k_qwen7b,,,,,,,,,,,,,,,,,,,,,,,,,,,,,,,,,,,,,,,,,,,,,,,,,,0.16,1.0,
zhenting/evolm-1B-160BT,zhenting/evolm-1B-160BT-sftep1-sampled500k_first400k_qwen7b,,,,,,,,,,,,,,,,,,,,,,,,,,,,,,,,,,,,,,,,,,,,,,,,,,0.16,1.0,
zhenting/evolm-1B-20BT,zhenting/evolm-1B-20BT,0.1138630319148936,0.3000389155532494,0.2997743447318174,0.48,0.5133689839572193,0.2,0.308,0.532,0.16,0.516,0.204,0.128,0.336,0.276,0.42,0.0,0.2054794520547945,0.136,0.216,0.224,0.5337078651685393,0.46,0.28,0.172,0.156,0.332,0.488,0.0075528700906344,0.2583892617449664,0.2626262626262626,0.2728937728937728,0.2388392857142857,0.1654676258992805,0.0720887245841035,0.1654676258992805,0.006514657980456,0.0,0.0,0.0075528700906344,0.0,0.0324675324675324,0.0155440414507772,0.0,0.1138630319148936,0.3677248677248677,0.48,0.23828125,0.388,0.0720887245841035,0.02,1.0,2024-12-22T06:11:40+00:00
zhenting/evolm-1B-20BT,zhenting/evolm-1B-20BT-cpt-FM10BT,0.1141123670212766,0.3010766636399014,0.2994271827807672,0.556,0.5187165775401069,0.192,0.312,0.504,0.104,0.456,0.196,0.128,0.32,0.192,0.564,0.0,0.2397260273972602,0.08,0.308,0.224,0.5112359550561798,0.46,0.26,0.172,0.168,0.324,0.488,0.0098187311178247,0.2709731543624161,0.2727272727272727,0.282051282051282,0.2566964285714285,0.1798561151079136,0.1053604436229205,0.1798561151079136,0.009771986970684,0.0,0.0075757575757575,0.0098187311178247,0.0107142857142857,0.0194805194805194,0.0103626943005181,0.0074074074074074,0.1141123670212766,0.3611111111111111,0.516,0.25390625,0.316,0.1053604436229205,0.02,1.0,2025-02-27T20:58:50+00:00
zhenting/evolm-1B-20BT,zhenting/evolm-1B-20BT-cpt-FM30BT,0.1089594414893617,0.3017252561940589,0.303245964242319,0.564,0.5187165775401069,0.152,0.312,0.508,0.104,0.468,0.22,0.172,0.348,0.248,0.424,0.008,0.1643835616438356,0.128,0.272,0.224,0.550561797752809,0.464,0.284,0.196,0.172,0.34,0.504,0.0120845921450151,0.2567114093959731,0.2828282828282828,0.2619047619047619,0.2388392857142857,0.1990407673860911,0.1146025878003696,0.1990407673860911,0.006514657980456,0.016260162601626,0.0151515151515151,0.0120845921450151,0.0071428571428571,0.0064935064935064,0.0310880829015544,0.0074074074074074,0.1089594414893617,0.3611111111111111,0.496,0.2421875,0.348,0.1146025878003696,0.02,1.0,2025-02-28T19:30:55+00:00
zhenting/evolm-1B-20BT,zhenting/evolm-1B-20BT-cpt-FM50BT,0.112782579787234,0.2969256712932935,0.2956084013192154,0.616,0.5080213903743316,0.14,0.324,0.532,0.12,0.468,0.212,0.132,0.332,0.2,0.448,0.0,0.2123287671232876,0.104,0.224,0.108,0.550561797752809,0.52,0.284,0.208,0.132,0.324,0.488,0.0083081570996978,0.2567114093959731,0.2727272727272727,0.2564102564102564,0.25,0.171462829736211,0.0813308687615526,0.171462829736211,0.009771986970684,0.0,0.0,0.0083081570996978,0.0035714285714285,0.0129870129870129,0.0155440414507772,0.0148148148148148,0.112782579787234,0.3703703703703703,0.5,0.265625,0.348,0.0813308687615526,0.02,1.0,2025-04-19T08:01:45+00:00
zhenting/evolm-1B-20BT,zhenting/evolm-1B-20BT-cpt-MixedFW8FM42,0.1136968085106382,0.3069139966273187,0.311577851067523,0.6,0.5187165775401069,0.152,0.324,0.532,0.14,0.484,0.22,0.148,0.344,0.208,0.576,0.0,0.184931506849315,0.132,0.192,0.228,0.5674157303370787,0.528,0.284,0.204,0.144,0.352,0.488,0.0113293051359516,0.2516778523489933,0.2676767676767677,0.2527472527472527,0.2433035714285714,0.1894484412470023,0.1016635859519408,0.1894484412470023,0.013029315960912,0.016260162601626,0.0075757575757575,0.0113293051359516,0.0142857142857142,0.0129870129870129,0.0,0.0148148148148148,0.1136968085106382,0.3584656084656085,0.5,0.23828125,0.34,0.1016635859519408,0.02,1.0,2025-04-27T04:04:03+00:00
zhenting/evolm-1B-20BT,zhenting/evolm-1B-20BT-sftep1-sampled500k_first100k_qwen7b,,,,,,,,,,,,,,,,,,,,,,,,,,,,,,,,,,,,,,,,,,,,,,,,,,0.02,1.0,2025-05-09T04:54:55+00:00
zhenting/evolm-1B-320BT,zhenting/evolm-1B-320BT,0.1136968085106382,0.3074328706706447,0.3023780593646936,0.584,0.5187165775401069,0.192,0.312,0.46,0.084,0.512,0.224,0.136,0.344,0.268,0.42,0.0,0.2054794520547945,0.172,0.228,0.236,0.5449438202247191,0.464,0.284,0.164,0.16,0.34,0.488,0.0098187311178247,0.259228187919463,0.2525252525252525,0.2728937728937728,0.2455357142857142,0.1726618705035971,0.0831792975970425,0.1726618705035971,0.013029315960912,0.0,0.0,0.0098187311178247,0.0142857142857142,0.0259740259740259,0.005181347150259,0.0,0.1136968085106382,0.421957671957672,0.472,0.23046875,0.568,0.0831792975970425,0.32,1.0,2025-03-31T15:33:59+00:00
zhenting/evolm-1B-40BT,zhenting/evolm-1B-40BT,0.112283909574468,0.2953690491633156,0.294914077417115,0.456,0.4866310160427807,0.2,0.312,0.524,0.052,0.516,0.22,0.144,0.352,0.22,0.42,0.004,0.2054794520547945,0.172,0.228,0.224,0.5449438202247191,0.46,0.284,0.192,0.144,0.316,0.484,0.0098187311178247,0.259228187919463,0.2272727272727272,0.2747252747252747,0.2544642857142857,0.1630695443645084,0.077634011090573,0.1630695443645084,0.009771986970684,0.024390243902439,0.0075757575757575,0.0098187311178247,0.0,0.0129870129870129,0.0155440414507772,0.0074074074074074,0.112283909574468,0.3558201058201058,0.508,0.2578125,0.304,0.077634011090573,0.04,1.0,2024-12-22T06:12:38+00:00
zhenting/evolm-1B-40BT,zhenting/evolm-1B-40BT-cpt-FM10BT,0.1123670212765957,0.3005577895965754,0.3037667071688943,0.56,0.5133689839572193,0.152,0.256,0.56,0.096,0.52,0.204,0.156,0.36,0.22,0.552,0.008,0.2328767123287671,0.104,0.244,0.22,0.5393258426966292,0.46,0.284,0.164,0.104,0.384,0.488,0.0113293051359516,0.259228187919463,0.2525252525252525,0.2619047619047619,0.2589285714285714,0.2062350119904076,0.1072088724584103,0.2062350119904076,0.009771986970684,0.008130081300813,0.0075757575757575,0.0113293051359516,0.0142857142857142,0.0064935064935064,0.0259067357512953,0.0,0.1123670212765957,0.3412698412698413,0.468,0.23828125,0.32,0.1072088724584103,0.04,1.0,2025-02-15T03:35:40+00:00
zhenting/evolm-1B-40BT,zhenting/evolm-1B-40BT-cpt-FM30BT,0.1131150265957446,0.3061356855623297,0.3093212983856969,0.72,0.46524064171123,0.152,0.312,0.552,0.116,0.484,0.224,0.14,0.32,0.22,0.504,0.104,0.2191780821917808,0.136,0.276,0.112,0.5337078651685393,0.46,0.284,0.208,0.144,0.316,0.488,0.0188821752265861,0.2600671140939597,0.308080808080808,0.2619047619047619,0.2366071428571428,0.2062350119904076,0.0924214417744916,0.2062350119904076,0.0358306188925081,0.016260162601626,0.0075757575757575,0.0188821752265861,0.0035714285714285,0.0194805194805194,0.0362694300518134,0.0,0.1131150265957446,0.3544973544973545,0.48,0.2421875,0.344,0.0924214417744916,0.04,1.0,2025-02-15T03:38:34+00:00
zhenting/evolm-1B-40BT,zhenting/evolm-1B-40BT-cpt-FM50BT,0.1115359042553191,0.3039304708781943,0.303245964242319,0.608,0.481283422459893,0.148,0.284,0.532,0.096,0.484,0.204,0.132,0.32,0.224,0.58,0.068,0.2054794520547945,0.128,0.288,0.18,0.5393258426966292,0.452,0.256,0.208,0.144,0.3,0.488,0.0173716012084592,0.2785234899328859,0.2676767676767677,0.2912087912087912,0.2678571428571428,0.1894484412470023,0.0794824399260628,0.1894484412470023,0.0260586319218241,0.008130081300813,0.0075757575757575,0.0173716012084592,0.0178571428571428,0.0259740259740259,0.0155440414507772,0.0074074074074074,0.1115359042553191,0.3492063492063492,0.504,0.23046875,0.316,0.0794824399260628,0.04,1.0,2025-02-22T04:46:47+00:00
zhenting/evolm-1B-40BT,zhenting/evolm-1B-40BT-cpt-MixedFW8FM42,0.1153590425531914,0.2961473602283045,0.2980385349765665,0.672,0.5133689839572193,0.14,0.312,0.532,0.096,0.484,0.204,0.16,0.316,0.212,0.42,0.116,0.1986301369863013,0.128,0.216,0.112,0.5393258426966292,0.46,0.288,0.188,0.132,0.308,0.488,0.0105740181268882,0.2634228187919463,0.2727272727272727,0.2582417582417582,0.265625,0.2026378896882494,0.0905730129390018,0.2026378896882494,0.013029315960912,0.008130081300813,0.0075757575757575,0.0105740181268882,0.0071428571428571,0.0129870129870129,0.0207253886010362,0.0,0.1153590425531914,0.3333333333333333,0.468,0.23828125,0.296,0.0905730129390018,0.04,1.0,2025-04-27T19:23:27+00:00
zhenting/evolm-1B-40BT,zhenting/evolm-1B-40BT-sftep1-sampled500k_first100k_qwen7b,,,,,,,,,,,,,,,,,,,,,,,,,,,,,,,,,,,,,,,,,,,,,,,,,,0.04,1.0,2025-05-09T04:54:01+00:00
zhenting/evolm-1B-80BT,zhenting/evolm-1B-80BT,0.1122007978723404,0.3015955376832274,0.2997743447318174,0.488,0.5187165775401069,0.2,0.312,0.532,0.148,0.516,0.204,0.132,0.344,0.284,0.42,0.0,0.2054794520547945,0.16,0.248,0.176,0.5449438202247191,0.524,0.228,0.172,0.112,0.332,0.48,0.0083081570996978,0.2583892617449664,0.2525252525252525,0.271062271062271,0.2455357142857142,0.1774580335731415,0.0813308687615526,0.1774580335731415,0.013029315960912,0.008130081300813,0.0,0.0083081570996978,0.0071428571428571,0.0064935064935064,0.0155440414507772,0.0,0.1122007978723404,0.3835978835978836,0.484,0.2578125,0.412,0.0813308687615526,0.08,1.0,2024-12-22T06:13:40+00:00
zhenting/evolm-1B-80BT,zhenting/evolm-1B-80BT-cpt-FM10BT,0.1092087765957446,0.3002983525749124,0.3013365735115431,0.548,0.4919786096256685,0.156,0.312,0.532,0.084,0.484,0.204,0.128,0.316,0.236,0.58,0.004,0.184931506849315,0.156,0.22,0.208,0.5280898876404494,0.532,0.284,0.172,0.112,0.332,0.492,0.0143504531722054,0.261744966442953,0.2626262626262626,0.2765567765567766,0.2433035714285714,0.2146282973621103,0.1072088724584103,0.2146282973621103,0.013029315960912,0.008130081300813,0.0,0.0143504531722054,0.0107142857142857,0.0324675324675324,0.0259067357512953,0.0074074074074074,0.1092087765957446,0.3531746031746032,0.496,0.21875,0.348,0.1072088724584103,0.08,1.0,2025-02-15T03:41:47+00:00
zhenting/evolm-1B-80BT,zhenting/evolm-1B-80BT-cpt-FM30BT,0.1126994680851063,0.3084706187572966,0.3134872417982989,0.712,0.5240641711229946,0.14,0.312,0.532,0.096,0.484,0.224,0.164,0.32,0.268,0.512,0.156,0.1986301369863013,0.168,0.176,0.116,0.4943820224719101,0.492,0.284,0.204,0.128,0.376,0.5,0.0128398791540785,0.2541946308724832,0.207070707070707,0.293040293040293,0.2276785714285714,0.1930455635491606,0.1053604436229205,0.1930455635491606,0.022801302931596,0.008130081300813,0.0075757575757575,0.0128398791540785,0.0107142857142857,0.0259740259740259,0.0,0.0074074074074074,0.1126994680851063,0.3558201058201058,0.508,0.23046875,0.332,0.1053604436229205,0.08,1.0,2025-02-15T03:40:12+00:00
zhenting/evolm-1B-80BT,zhenting/evolm-1B-80BT-cpt-FM50BT,0.1067985372340425,0.3060059670514982,0.3100156222877973,0.704,0.5187165775401069,0.196,0.312,0.528,0.096,0.484,0.204,0.156,0.32,0.232,0.448,0.252,0.2260273972602739,0.164,0.284,0.112,0.4606741573033708,0.46,0.284,0.168,0.116,0.288,0.488,0.0128398791540785,0.261744966442953,0.2979797979797979,0.2747252747252747,0.2299107142857142,0.2050359712230215,0.1072088724584103,0.2050359712230215,0.006514657980456,0.024390243902439,0.0075757575757575,0.0128398791540785,0.0107142857142857,0.0389610389610389,0.0103626943005181,0.0,0.1067985372340425,0.3452380952380952,0.5,0.24609375,0.292,0.1072088724584103,0.08,1.0,2025-02-22T04:49:15+00:00
zhenting/evolm-1B-80BT,zhenting/evolm-1B-80BT-cpt-MixedFW8FM42,0.1107047872340425,0.2997794785315864,0.3002950876583926,0.612,0.5240641711229946,0.14,0.312,0.532,0.084,0.484,0.196,0.132,0.312,0.256,0.516,0.096,0.2054794520547945,0.128,0.216,0.204,0.5056179775280899,0.464,0.248,0.16,0.124,0.316,0.516,0.0143504531722054,0.2625838926174497,0.2575757575757575,0.2747252747252747,0.25,0.1882494004796163,0.0924214417744916,0.1882494004796163,0.019543973941368,0.016260162601626,0.0075757575757575,0.0143504531722054,0.0107142857142857,0.0259740259740259,0.0155440414507772,0.0,0.1107047872340425,0.3544973544973545,0.5,0.22265625,0.344,0.0924214417744916,0.08,1.0,2025-04-24T20:08:32+00:00
zhenting/evolm-1B-80BT,zhenting/evolm-1B-80BT-sftep1-sampled500k_first100k_qwen7b,,,,,,,,,,,,,,,,,,,,,,,,,,,,,,,,,,,,,,,,,,,,,,,,,,0.08,1.0,2025-05-15T16:39:10+00:00
zhenting/evolm-4B-160BT,zhenting/evolm-4B-160BT,0.1117021276595744,0.2993903229990919,0.2966498871723659,0.588,0.5187165775401069,0.14,0.312,0.488,0.084,0.496,0.224,0.144,0.34,0.252,0.42,0.0,0.2123287671232876,0.068,0.284,0.224,0.5449438202247191,0.484,0.284,0.172,0.128,0.316,0.488,0.0075528700906344,0.2575503355704698,0.2474747474747475,0.2582417582417582,0.2611607142857143,0.184652278177458,0.0850277264325323,0.184652278177458,0.006514657980456,0.0,0.0,0.0075528700906344,0.0107142857142857,0.0194805194805194,0.0103626943005181,0.0,0.1117021276595744,0.3862433862433862,0.492,0.2578125,0.412,0.0850277264325323,0.16,4.0,2025-03-27T16:22:46+00:00
zhenting/evolm-4B-160BT,zhenting/evolm-4B-160BT-cpt-MixedFW8FM42,0.1121176861702127,0.3069139966273187,0.309494879361222,0.74,0.5187165775401069,0.148,0.332,0.54,0.128,0.484,0.204,0.124,0.316,0.276,0.42,0.196,0.2260273972602739,0.104,0.176,0.152,0.5449438202247191,0.456,0.252,0.188,0.136,0.364,0.488,0.0158610271903323,0.2609060402684564,0.2373737373737373,0.2728937728937728,0.2566964285714285,0.1786570743405275,0.0813308687615526,0.1786570743405275,0.0293159609120521,0.008130081300813,0.0227272727272727,0.0158610271903323,0.0107142857142857,0.0194805194805194,0.0103626943005181,0.0,0.1121176861702127,0.3597883597883597,0.452,0.234375,0.396,0.0813308687615526,0.16,4.0,2025-04-24T18:53:05+00:00
zhenting/evolm-4B-320BT,zhenting/evolm-4B-320BT,0.1117852393617021,0.3022441302373849,0.2983856969276167,0.476,0.5187165775401069,0.172,0.312,0.464,0.092,0.512,0.192,0.156,0.308,0.264,0.58,0.0,0.2191780821917808,0.128,0.232,0.188,0.5449438202247191,0.46,0.26,0.204,0.128,0.348,0.496,0.0083081570996978,0.2533557046979866,0.2575757575757575,0.2692307692307692,0.2321428571428571,0.1858513189448441,0.0961182994454713,0.1858513189448441,0.01628664495114,0.008130081300813,0.0,0.0083081570996978,0.0,0.0129870129870129,0.0103626943005181,0.0074074074074074,0.1117852393617021,0.4087301587301587,0.532,0.25390625,0.444,0.0961182994454713,0.32,4.0,2025-04-13T19:30:05+00:00
zhenting/evolm-4B-320BT,zhenting/evolm-4B-320BT-cpt-MixedFW8FM42,0.1142785904255319,0.299909197042418,0.2952612393681652,0.552,0.5187165775401069,0.172,0.288,0.468,0.096,0.548,0.22,0.136,0.316,0.304,0.42,0.084,0.2123287671232876,0.112,0.192,0.112,0.5449438202247191,0.464,0.256,0.204,0.148,0.324,0.488,0.0166163141993957,0.2651006711409396,0.2676767676767677,0.2875457875457875,0.2366071428571428,0.1858513189448441,0.0813308687615526,0.1858513189448441,0.022801302931596,0.024390243902439,0.0075757575757575,0.0166163141993957,0.0071428571428571,0.0259740259740259,0.0207253886010362,0.0074074074074074,0.1142785904255319,0.3902116402116402,0.48,0.25,0.444,0.0813308687615526,0.32,4.0,2025-04-27T04:22:52+00:00
zhenting/evolm-4B-80BT,zhenting/evolm-4B-80BT,0.1145279255319148,0.2971851083149565,0.2950876583926402,0.5,0.5187165775401069,0.2,0.284,0.532,0.032,0.452,0.2,0.152,0.344,0.272,0.42,0.0,0.2123287671232876,0.1,0.248,0.22,0.5898876404494382,0.46,0.284,0.2,0.152,0.328,0.488,0.0060422960725075,0.24748322147651,0.2373737373737373,0.2417582417582417,0.2589285714285714,0.1594724220623501,0.077634011090573,0.1594724220623501,0.003257328990228,0.0,0.0075757575757575,0.0060422960725075,0.0035714285714285,0.0129870129870129,0.0155440414507772,0.0,0.1145279255319148,0.3915343915343915,0.496,0.21484375,0.468,0.077634011090573,0.08,4.0,2025-03-24T15:40:20+00:00
zhenting/evolm-4B-80BT,zhenting/evolm-4B-80BT-cpt-MixedFW8FM42,0.1100398936170212,0.2982228564016085,0.2975177920499913,0.576,0.5187165775401069,0.172,0.312,0.504,0.12,0.484,0.212,0.184,0.336,0.244,0.42,0.008,0.1164383561643835,0.12,0.276,0.244,0.4606741573033708,0.46,0.244,0.172,0.152,0.336,0.496,0.0188821752265861,0.2550335570469799,0.2626262626262626,0.2600732600732601,0.2455357142857142,0.2086330935251798,0.1127541589648798,0.2086330935251798,0.022801302931596,0.016260162601626,0.0151515151515151,0.0188821752265861,0.0071428571428571,0.0194805194805194,0.0414507772020725,0.0074074074074074,0.1100398936170212,0.3716931216931217,0.492,0.24609375,0.38,0.1127541589648798,0.08,4.0,2025-04-27T19:29:15+00:00
